company_name,stock_symbol,legal_name,address,city,state,zipcode,area_code,ABI,primary_SIC_code,SIC6_description,primary_NAICS_code,NAICS8_description,parent_company_ABI,classification,unique_id,parent_company_unique_id
3R PETROLEUM OLEO E GAS,RRRP3,3R Petroleum Oleo E Gas SA,,,,,,,,,,,,f,48438d26-f3e6-4cc0-9f63-97f2acd2d394,
88 ENERGY,88E,88 Energy Ltd,,,,,,,,,,,,f,3798f9cb-0f87-4dac-b7d1-f63546fd96d3,
A.B.P. NOCIVELLI,ABP,A.b.p. Nocivelli SpA,,,,,,,,,,,,f,7860035e-e584-40df-9f6d-f5c5128fc6c0,
A2A,A2A,A2A SpA,,,,,,,,,,,,f,c8f28f1d-3593-4a5d-beeb-5bfea6664517,
ABRAJ ENERGY SERVS,ABRJ,Abraj Energy Services,,,,,,,,,,,,f,30853f3a-8960-477d-976f-a59d8ca69dee,
ABU DHABI NATIONAL ENERGY,TAQA,شركة ابوظبي الوطنية للطاقة,,,,,,,,,,,,f,1d80d92e-23db-4e86-951e-738298fa6289,
ACEN,ACEN,ACEN Corp,,,,,,,,,,,,f,b7d2a553-e250-49a0-a175-b8473dba3f7a,
ACWA POWER,2082,شركة أكوا باور,,,,,,,,,,,,f,5de7cc6d-5726-419b-9a69-6be50d354e38,
ADAMS RESOURCES & ENERGY,AE,Adams Resources & Energy Inc,,,,,,,,,,,,f,1c95fa21-d060-4b7e-82a2-5bf435094263,
ADES HOLDING,2382,شركة أديس القابضة,,,,,,,,,,,,f,70c863ed-fe26-488f-bc44-3e2d59de7d25,
ADNOC DRILLING COMPANY,ADNOCDRILL,ADNOC Drilling Company PJSC,,,,,,,,,,,,f,194b3543-b44c-4eb1-9a22-6260beb49857,
ADNOC GAS,ADNOCGAS,أدنوك للغاز بي أل سي,,,,,,,,,,,,f,bd42bcf4-663a-465b-96ea-6a0148c8c8cc,
ADVANTAGE ENERGY,AAV,Advantage Energy Ltd,,,,,,,,,,,,f,fe1d5b80-f986-4dfe-996d-c20f835e1e60,
AEGIS LOGISTICS,500003,Aegis Logistics Ltd,,,,,,,,,,,,f,9d2cd328-af80-4aad-bbf7-b0efcc7c1ee2,
AEMETIS,AMTX,Aemetis Inc,,,,,,,,,,,,f,393e474b-2046-4d20-a1ff-dd6f5b21d23e,
AES,AES,The AES Corp,,,,,,,,,,,,f,a4c6c4f1-be7e-459e-9489-36bd2f7fa667,
AFENTRA,AET,Afentra PLC,,,,,,,,,,,,f,9f81888c-6e02-4f7a-b1e4-b69bda1087fc,
AFRICA OIL,AOI,Africa Oil Corp,,,,,,,,,,,,f,93a8bdad-fe3d-4ecd-9c93-1752a859d430,
AGL ENERGY,AGL,AGL Energy Ltd,,,,,,,,,,,,f,7df791c9-9aed-45ec-8eea-93f493e064c6,
AHLATCI DOGAL GAZ DAGITIM,AHGAZ,Ahlatci Dogal Gaz Dagitim Enerji Ve Yatirim,,,,,,,,,,,,f,41ecbb88-a63a-42fb-b8fc-1e833b2c4bd5,
AIR PRODUCTS & CHEMICALS,APD,Air Products & Chemicals Inc,,,,,,,,,,,,f,bb2d394c-306d-4a12-9edd-1cdaf3b8e357,
AKASTOR,AKAST,Akastor ASA,,,,,,,,,,,,f,8efb02cf-a80c-47be-bbec-812d08c59d7f,
AKER BP,AKRBP,Aker BP ASA,,,,,,,,,,,,f,eff874a3-1d1a-4a3b-916d-2abe2e713d55,
AKER SOLNS,AKSO,Aker Solutions ASA,,,,,,,,,,,,f,3a14880c-30cc-4462-8670-058095eb8bd2,
AKITA DRILLING,AKT.A,Akita Drilling Ltd,,,,,,,,,,,,f,f71755cd-5622-4b12-9d7b-222bd8b4c572,
AKR CORPORINDO,AKRA,PT AKR Corporindo Tbk,,,,,,,,,,,,f,e51ef1e1-837a-48f4-a6e4-1ffcd631d8cc,
AKSA ENERJI URETIM,AKSEN,AKSA ENERJİ ÜRETİM A.Ş.,,,,,,,,,,,,f,22f4cf29-d602-48b9-9b94-82355d25a8e4,
ALLETE,ALE,ALLETE Inc,,,,,,,,,,,,f,d00928ab-c851-4849-b820-98f7fad0eb00,
ALTAGAS,ALA,AltaGas Ltd,,,,,,,,,,,,f,1d08a906-bca4-4132-9ef1-36c54d57e707,
ALUMINIUM BAHRAIN,ALBH,Aluminium Bahrain BSC,,,,,,,,,,,,f,8d55198f-4dbf-46fb-926f-eb4159041b4d,
ALVOPETRO ENERGY,ALV,Alvopetro Energy Ltd,,,,,,,,,,,,f,38e3d230-8d29-4c84-b89d-fbc827d5347b,
AMERICAN ELECTRIC POWER,AEP,American Electric Power Co Inc,,,,,,,,,,,,f,a48c23d9-f365-4cd4-a3d1-fc304a1014a0,
AMPLIFY ENERGY,AMPY,Amplify Energy Corp,,,,,,,,,,,,f,4681c45d-e706-4872-ba08-5161056afe86,
AMPOL,ALD,Ampol Ltd,,,,,,,,,,,,f,57d59e17-16ad-49de-a13b-f7c101cf294e,
ANTERO MIDSTREAM,AM,Antero Midstream Corp,,,,,,,,,,,,f,d31399c3-8e98-4db8-bd56-2ff945e5a8af,
ANTERO RESOURCES,AR,Antero Resources Corp,,,,,,,,,,,,f,72f652c6-4144-4c85-a0e6-e654751a976c,
ANTON OILFIELD SERVS GR,3337,Anton Oilfield Services Group,,,,,,,,,,,,f,902fe089-e69d-4a69-8096-97fa7e18a04d,
APA,APA,APA Corp,,,,,,,,,,,,f,4ea0a6bc-bb58-40a7-a9ea-d2b3e5e8125d,
APA,APA,APA Group,,,,,,,,,,,,f,e7f4b091-61b2-4d19-aecd-70ffb1c12fbc,
ARABIAN DRILLING,2381,رشكة الحفر العربية,,,,,,,,,,,,f,646b478b-c737-49cc-b3d1-e68378d65639,
ARC RESOURCES,ARX,ARC Resources Ltd,,,,,,,,,,,,f,14c5abaf-5f71-4432-bef4-68f37e2c113a,
ARCELORMITTAL,MT,ArcelorMittal SA,,,,,,,,,,,,f,63696c03-6da0-4168-ae06-0c1a8f30d14c,
ARCHER,ARCH,Archer Ltd,,,,,,,,,,,,f,a6c35d61-93f9-42c4-bad0-64803b02c8d1,
ARCHROCK,AROC,Archrock Inc,,,,,,,,,,,,f,8a25e802-0c4e-4567-9512-75ab3e0a2a2d,
ARROW EXPLORATION,AXL,Arrow Exploration Corp,,,,,,,,,,,,f,5c258785-1b5d-4336-bdff-0759a7c77cf5,
ASCENT RESOURCES,AST,Ascent Resources PLC,,,,,,,,,,,,f,320e0c03-722c-4a98-980a-b7d023adf20b,
ASHDOD REFINERY,ARF,"בית זיקוק אשדוד בע""מ",,,,,,,,,,,,f,cfe8dee5-df1f-4bbe-af0d-0c8feec134ed,
ASHTEAD TECHNOLOGY HLDGS,AT.,Ashtead Technology Holdings PLC,,,,,,,,,,,,f,f400da51-a2c1-4a0e-b10e-3f0b5b7c7828,
ASIA CEMENT,1102,亞洲水泥股份有限公司,,,,,,,,,,,,f,aaaf2dea-492d-4ebc-9d6c-fac9923b0d54,
ATHABASCA OIL,ATH,Athabasca Oil Corp,,,,,,,,,,,,f,8d7a363a-4439-4d66-b5f8-582e868a1422,
ATLAS ENERGY SOLUTIONS,AESI,Atlas Energy Solutions Inc,,,,,,,,,,,,f,d85a1ca3-815b-4180-b554-b31fbe6e3b3e,
ATTOCK REFINERY,ATRL,Attock Refinery Ltd,,,,,,,,,,,,f,43f39a1f-185a-4c0d-81c9-f2961b5dec09,
AVANCE GAS HLDG,AGAS,Avance Gas Holding Ltd,,,,,,,,,,,,f,e11a9102-4706-43a9-a4f1-578a2fe96a9a,
AYALA,AC,Ayala Corp,,,,,,,,,,,,f,05910fde-fcdb-4a06-9cfb-22d5a0dfa88f,
B.GRIMM POWER,BGRIM,บริษัท บี.กริม เพาเวอร์ จำกัด (มหาชน),,,,,,,,,,,,f,a7c02cc9-95ed-4dfe-b78f-38ee47547a47,
BAKER HUGHES,BKR,Baker Hughes Co,,,,,,,,,,,,f,b566a47a-2f0c-4bd7-9b26-510d446acfb6,
BANCO BTG PACTUAL,BPAC3,Banco BTG Pactual S.A.,,,,,,,,,,,,f,c63a5995-22dc-4c58-8a40-adeef3f811b2,
BANGCHAK CORPORATION,BCP,บริษัท บางจาก คอร์ปอเรชั่น จำกัด (มหาชน),,,,,,,,,,,,f,9ff7c8af-c6ca-448c-baa7-048c4d3d2fb7,
BANGCHAK SRIRACHA,BSRC,Bangchak Sriracha PCL,,,,,,,,,,,,f,4f63994f-c0f5-4975-977d-70cffe5ee6b2,
BARNWELL INDUSTRIES,BRN,Barnwell Industries Inc,,,,,,,,,,,,f,1e541a03-9166-47af-ba45-80bfb719018b,
BARRICK GOLD,ABX,Barrick Gold Corp,,,,,,,,,,,,f,3f1c3d8d-7f39-45e9-91b2-78e9ad124b67,
BASHNEFT,BANE,ОАО АНК Башнефть,,,,,,,,,,,,f,fb56e8ca-9a5a-4de9-a39c-849f4e7fa2b3,
BASS OIL,BAS,Bass Oil Ltd,,,,,,,,,,,,f,7e1a854a-e561-4d3d-bbe2-ff525724a0a4,
BATTALION OIL,BATL,Battalion Oil Corp,,,,,,,,,,,,f,0d8b3596-adeb-4274-bb8d-f4ac7ba00a97,
BAYTEX ENERGY,BTE,Baytex Energy Corp,,,,,,,,,,,,f,5c809173-7e03-4999-8512-a46c24c79138,
BEACH ENERGY,BPT,Beach Energy Ltd,,,,,,,,,,,,f,5f006e88-88a1-43a0-9640-26396395b0f6,
BEIJING ENT HLDGS,392,北京控股有限公司,,,,,,,,,,,,f,529c29e2-e82a-43fa-8372-8c5d449ca5e3,
BERRY CORPORATION,BRY,Berry Corp (bry),,,,,,,,,,,,f,bb4d8d45-e110-4b4f-906c-2dc301533192,
BHARAT PETROLEUM CORPORATION,500547,Bharat Petroleum Corp Ltd,,,,,,,,,,,,f,5a4982ff-b3fe-40a4-9f91-299053468e76,
BHP GROUP,BHP,BHP Group Ltd,,,,,,,,,,,,f,6a92b0a7-123e-483c-957f-a472488515c1,
BIRCHCLIFF ENERGY,BIR,Birchcliff Energy Ltd,,,,,,,,,,,,f,927826bf-5549-4a2e-884a-1e3e36a8d6d6,
BLACK STONE MINERALS,BSM,Black Stone Minerals LP,,,,,,,,,,,,f,404e988b-1024-4633-a935-9d1142f2f5c5,
BLACKSTONE,BX,Blackstone Inc,,,,,,,,,,,,f,34ed8db0-1bfa-4abe-8195-deae5b5b4f1c,
BLUENORD,BNOR,BlueNord ASA,,,,,,,,,,,,f,08e51ff2-498a-4c19-8c50-87f27d400240,
BOART LONGYEAR,BLY,Boart Longyear Ltd,,,,,,,,,,,,f,1b5983d9-daf2-467a-90c0-13ab8638a8d4,
BONTERRA ENERGY,BNE,Bonterra Energy Corp,,,,,,,,,,,,f,67cf0963-6cb0-4307-8f60-a20d05e0ad60,
BORR DRILLING,BORR,Borr Drilling Ltd,,,,,,,,,,,,f,4d9a312c-236a-45cd-9cf0-02df23e74215,
BP,BP.,BP PLC,,,,,,,,,,,,f,e02c0a30-1acb-4dda-9b40-9122fc8b1ee2,
BP CASTROL,5015,ビーピー・カストロール株式会社,,,,,,,,,,,,f,01b56513-1ab4-4fed-bcd0-c5c2a1830519,
BP PRUDHOE BAY,BPT,BP Prudhoe Bay Royalty Trust,,,,,,,,,,,,f,183e03e8-dfb0-4f30-8005-b20bb42dcaf5,
BRISTOW GROUP,VTOL,Bristow Group Inc,,,,,,,,,,,,f,b8fdbb10-bec0-4cf8-b977-c5c04a35bf7b,
BROOGE ENERGY,BROG,Brooge Energy Ltd,,,,,,,,,,,,f,c6d892b7-6971-4ee8-8899-363cc3a34b17,
BUMI ARMADA,5210,Bumi Armada Bhd,,,,,,,,,,,,f,cd3017b5-42c1-4bb3-9cdb-4f32667bff28,
BW ENERGY,BWE,BW Energy Ltd,,,,,,,,,,,,f,7b091962-ed94-47dd-b685-10985b5b0f9c,
BW OFFSHORE,BWO,BW Offshore Ltd,,,,,,,,,,,,f,0fdce78f-c4ec-4a4d-8226-f99d180add3a,
BYRON ENERGY,BYE,Byron Energy Ltd,,,,,,,,,,,,f,07b27cf1-d743-4b48-b91f-7791ecf8ac56,
CACTUS,WHD,Cactus Inc,,,,,,,,,,,,f,c89b78d2-1927-4b27-95bf-8e12f0b873ff,
CALFRAC WELL SERVS,CFW,Calfrac Well Services Ltd,,,,,,,,,,,,f,d707c491-24c6-4011-ba9b-9a07402a6218,
CALIFORNIA RESOURCES,CRC,California Resources Corp,,,,,,,,,,,,f,8f76f62f-fb1a-4bbc-940a-3431c9b5858a,
CALIMA ENERGY,CE1,Calima Energy Ltd,,,,,,,,,,,,f,478b06e0-7920-44a8-a108-48536fb896c0,
CALLON PETROLEUM,CPE,Callon Petroleum Co,,,,,,,,,,,,f,34bcc5c4-7162-4dfb-8e90-65dda6d017b6,
CALUMET SPECIALTY PRODS,CLMT,Calumet Specialty Products Partners LP,,,,,,,,,,,,f,eb331a1d-e14c-4c2b-87dd-2cc37858f68f,
CAMBER ENERGY,CEI,Camber Energy Inc,,,,,,,,,,,,f,680d459c-036d-4be9-9127-c1079941af60,
CANACOL ENERGY,CNE,Canacol Energy Ltd,,,,,,,,,,,,f,d92e9cd8-d7cc-4a87-aeb2-97032fd3da9a,
CANADIAN NATURAL RES,CNQ,Canadian Natural Resources Ltd,,,,,,,,,,,,f,ea7471f5-44c8-48de-8d88-4c8b60d7451e,
CAPRICORN ENERGY,CNE,Capricorn Energy PLC,,,,,,,,,,,,f,a300de68-6847-4e16-ae99-c9dcc96d8636,
CARDINAL ENERGY,CJ,Cardinal Energy Ltd,,,,,,,,,,,,f,55a66efc-4459-4f56-985b-87d58d912c1d,
CARLYLE GROUP,CG,The Carlyle Group Inc,,,,,,,,,,,,f,2f949162-f9ee-4294-b224-acd5015a8f16,
CARNARVON ENERGY,CVN,Carnarvon Energy Ltd,,,,,,,,,,,,f,e6fb33d9-a5fb-49f3-9643-2cd91f845177,
CASTROL INDIA,500870,Castrol India Ltd,,,,,,,,,,,,f,d34b3064-5289-45c8-9e6c-5138890a3634,
CATHEDRAL ENERGY SERVICES,CET,Cathedral Energy Services Ltd,,,,,,,,,,,,f,6207e8fc-3996-44df-8dee-baaaeb7284cb,
CBL INTERNATIONAL,BANL,CBL International ltd,,,,,,,,,,,,f,a27b5384-40ad-41b9-806e-4a69d21135ee,
CENOVUS ENERGY,CVE,Cenovus Energy Inc,,,,,,,,,,,,f,e355bc08-393d-4237-bce4-49cd443341f1,
CENTERPOINT ENERGY,CNP,CenterPoint Energy Inc,,,,,,,,,,,,f,05b3d43b-8cac-47ab-ad96-cd0d7799391c,
CES ENERGY SOLUTIONS,CEU,CES Energy Solutions Corp,,,,,,,,,,,,f,b67a26fa-0c40-4566-8c06-c0f45ce1b146,
CEZ,CEZ,CEZ a.s,,,,,,,,,,,,f,6a26bab5-a344-4c5f-adc6-d0f394f6c42a,
CGG,CGG,CGG,,,,,,,,,,,,f,597a273e-ff8b-4038-8fc1-5d70432e21ae,
CGN NEW ENERGY HLDGS CORPORATION,1811,中國廣核新能源控股有限公司,,,,,,,,,,,,f,6a8d91ab-289c-4370-a3fb-1f69b6417e86,
CHAMPIONX,CHX,ChampionX Corp,,,,,,,,,,,,f,8136125d-4944-464e-821f-50d5a36afb78,
CHANNEL INFRASTRUCTURE NZ,CHI,Channel Infrastructure NZ Ltd,,,,,,,,,,,,f,0fc1bb67-c535-4a8d-b714-6d42d462e907,
CHENIERE ENERGY,LNG,Cheniere Energy Inc,,,,,,,,,,,,f,6e50323d-3810-40b7-8390-f13b79672fe8,
CHENIERE ENERGY PARTNERS,CQP,Cheniere Energy Partners LP,,,,,,,,,,,,f,aab4f827-b698-419e-b272-36b0bf52dcba,
CHENNAI PTRL,500110,Chennai Petroleum Corp Ltd,,,,,,,,,,,,f,2b5a4cdf-6755-4e2b-8e16-5d3a87f1017c,
CHESAPEAKE ENERGY,CHK,Chesapeake Energy Corp,,,,,,,,,,,,f,6c9afca2-34ba-4543-a453-d388f8c557c9,
CHEVRON,CVX,Chevron Corp,,,,,,,,,,,,f,6d210804-2660-4177-ab09-68f6012682d8,
CHEVRON LUBRICANTS LANKA,LLUB.N0000,Chevron Lubricants Lanka PLC,,,,,,,,,,,,f,37d6db88-2e94-48f2-803d-8e67d205f2c4,
CHINA AVIATION OIL,G92,China Aviation Oil (Singapore) Corp Ltd,,,,,,,,,,,,f,f5d97b66-f18b-46b4-8b5c-de776fd78bb1,
CHINA ENERGY DEV HLDGS,228,中国能源开发控股有限公司,,,,,,,,,,,,f,9502d4a5-d461-4c11-bcd4-ac216baf3ac2,
CHINA ENERGY ENGINEERING,3996,中国能源建设股份有限公司,,,,,,,,,,,,f,833f0144-d637-4c41-8209-c03a9abb2c8e,
CHINA HUARONG ENERGY CORPORATION,1101,China Huarong Energy Co Ltd,,,,,,,,,,,,f,1d619c4e-3d93-4207-803b-57593d6f0f54,
CHINA MERCHANTS ENERGY,601872,招商局能源运输股份有限公司,,,,,,,,,,,,f,0e9734fa-0918-4498-96a4-fa1e4dd8ef22,
CHINA OIL AND GAS GROUP,603,中油燃氣集團有限公司,,,,,,,,,,,,f,c5234f45-a433-42fb-88a6-0095fc0cfca1,
CHINA OIL HBP SCIENCE,2554,华油惠博普科技股份有限公司,,,,,,,,,,,,f,da4f438d-5414-4762-b663-07c284d3e1a5,
CHINA OILFIELD SERVICES,601808,中海油田服务股份有限公司,,,,,,,,,,,,f,bdcca65a-4cee-4a27-b67f-dc80b4bb23ee,
CHINA PETROLEUM,386,中国石油化工股份有限公司,,,,,,,,,,,,f,00355db8-485f-41d6-91ac-0f87972268a2,
CHINA PETROLEUM ENGINEERI,600339,中国石油集团工程股份有限公司,,,,,,,,,,,,f,4b5c5d64-58ef-4994-92d3-91e3d3441728,
CHINA RES POWER HLDGS,836,華潤電力控股有限公司,,,,,,,,,,,,f,c9182b58-5cf4-44c4-a357-fbf120ad5dca,
CHONGQING GAS GROUP CORPORATION,600917,重庆燃气集团股份有限公司,,,,,,,,,,,,f,f1ebd10e-f127-444b-a52c-bc6af91bae30,
CHONGQING THREE GORGES,600116,重庆三峡水利电力(集团)股份有限公司,,,,,,,,,,,,f,18940c55-f9cc-4a65-aacc-c04e0ecdb490,
CHORD ENERGY,CHRD,Chord Energy Corp,,,,,,,,,,,,f,96d85ada-9c04-4a93-9de2-6f7a28713525,
CHUBU ELECTRIC POWER CORPORATION,9502,中部電力株式会社,,,,,,,,,,,,f,f90b23ee-e767-4ebc-83c1-c8f001d23ce5,
CIMC ENRIC HOLDINGS,3899,中集安瑞科控股有限公司,,,,,,,,,,,,f,dc324bc4-6440-4316-9ead-b53b909c1c27,
CITIC RESOURCES HOLDINGS,1205,中信资源控股有限公司,,,,,,,,,,,,f,49da7a9c-3cb1-4a4d-bb87-82a21f7e68aa,
CIVITAS RESOURCES,CIVI,Civitas Resources Inc,,,,,,,,,,,,f,24cfc4ac-56c7-4783-8a39-0ea31c9e9b22,
CKX LANDS,CKX,CKX Lands Inc,,,,,,,,,,,,f,a41b4e4b-7ec3-4f88-83b7-e49803cbd9e7,
CLEAN ENERGY FUELS,CLNE,Clean Energy Fuels Corp,,,,,,,,,,,,f,a4c28d09-d629-410f-8659-ba31d6e4e0fe,
CLP HOLDINGS,2,中電控股有限公司,,,,,,,,,,,,f,82ea590b-5bbc-4f0f-9edd-dc7fa10c0437,
CNOOC ENERGY TECHNOLOGY,600968,中海油能源发展股份有限公司,,,,,,,,,,,,f,3a1ab616-f6ed-46ce-9a24-7133dfa8f555,
CNPC CAPITAL CORPORATION,617,中国石油集团资本股份有限公司,,,,,,,,,,,,f,922ce6ad-77a4-4a13-b664-60e04904a592,
CNX RESOURCES,CNX,CNX Resources Corp,,,,,,,,,,,,f,08d71d52-fb1f-4868-9573-8390f40ee5d7,
COMET RIDGE,COI,Comet Ridge Ltd,,,,,,,,,,,,f,55e7e53f-081b-44f7-aa58-b59ed2f62333,
COMSTOCK RESOURCES,CRK,Comstock Resources Inc,,,,,,,,,,,,f,c296cd57-51e7-412d-a820-0922f7ad091c,
CONDOR ENERGIES,CDR,Condor Energies Inc,,,,,,,,,,,,f,baa2f0b9-bf37-4f2e-a1a2-79eac23f34b8,
CONFIDENCE PETROLEUM,526829,Confidence Petroleum India Ltd,,,,,,,,,,,,f,6070f67f-b5d9-4d68-a86c-bb8add82f82a,
CONOCOPHILLIPS,COP,ConocoPhillips,,,,,,,,,,,,f,74ceaff7-8757-4e1e-80c2-7aabf11e8d4d,
COOL CORPORATION,CLCO,Cool Co Ltd,,,,,,,,,,,,f,bcb85b68-f315-4488-990e-ad5343ca0485,
COOPER ENERGY,COE,Cooper Energy Ltd,,,,,,,,,,,,f,ac741539-9bb1-4a59-9840-f5e3f28bdf3e,
CORE LABORATORIES,CLB,Core Laboratories Inc,,,,,,,,,,,,f,63157c88-de4c-4d59-894e-31dfe8ed3f6f,
COSAN,CSAN3,Cosan SA,,,,,,,,,,,,f,bfa2e048-956f-4413-92cc-31c221628d92,
COSMO ENERGY HOLDINGS,5021,コスモエネルギーホールディングス株式会社,,,,,,,,,,,,f,adb6d712-f9a5-4adf-bf6e-0cb257a0d7d5,
COTERRA ENERGY,CTRA,Coterra Energy Inc,,,,,,,,,,,,f,a1c33bb5-a043-4070-a159-688e7e1a4f81,
CRESCENT ENERGY,CRGY,Crescent Energy Co,,,,,,,,,,,,f,795c02c4-c785-4f26-98e4-7f4509acb860,
CRESCENT POINT ENERGY,CPG,Crescent Point Energy Corp,,,,,,,,,,,,f,22915a43-daa4-4b25-b014-e0e0e3991be1,
CREW ENERGY,CR,Crew Energy Inc,,,,,,,,,,,,f,43149be1-539b-430a-a65f-7e6a100e98e7,
CROSSAMERICA PARTNERS,CAPL,CrossAmerica Partners LP,,,,,,,,,,,,f,05c74faa-f903-4ba5-aa6e-5eb866633c26,
CSI COMPRESSCO,CCLP,CSI Compressco LP,,,,,,,,,,,,f,ec083545-acae-402f-8d4d-8a4cf42689f4,
CVR ENERGY,CVI,CVR Energy Inc,,,,,,,,,,,,f,f42a8a17-96c1-4ba7-98ea-7dcc3cce5d2e,
DAESUNG INDUSTRIAL,128820,대성산업(주),,,,,,,,,,,,f,96a47d0c-81e6-4231-8147-65c354b65f47,
DALIPAL HOLDINGS,1921,達力普控股有限公司,,,,,,,,,,,,f,4a880039-649f-4bc6-8ef7-8766ca1b1a04,
DANA GAS,DANA,دانة غاز,,,,,,,,,,,,f,115ef5d8-e6a9-4a21-b0c4-af13743d8eee,
DATANG INTERNATIONAL,601991,大唐国际发电股份有限公司,,,,,,,,,,,,f,afc1d0b6-4594-4230-abb8-5cef40e18331,
DAWSON GEOPHYSICAL,DWSN,Dawson Geophysical Co,,,,,,,,,,,,f,3ccec78c-3668-4d7a-bb62-ee16a2b18741,
DAYANG ENTERPRISE HLDGS,5141,Dayang Enterprise Holdings Bhd,,,,,,,,,,,,f,8f5ab0d5-c022-4c5f-86ef-b99a20c2d98c,
DCC,DCC,DCC PLC,,,,,,,,,,,,f,5b4e873a-7993-48f0-ab92-0c7f2c176f6c,
DEEP INDUSTRIES,543288,Deep Industries Ltd,,,,,,,,,,,,f,44ee8ef0-2de0-46ee-8bab-9d49d208ffce,
DEEP VALUE DRILLER,DVD,Deep Value Driller AS,,,,,,,,,,,,f,63fa0e33-a236-44ca-a5bf-722db08cb783,
DELEK GROUP,DLEKG,קבוצת דלק בע''מ,,,,,,,,,,,,f,42a25cba-306a-44cc-b5af-6ac45caa7f82,
DELEK LOGISTICS PARTNERS,DKL,Delek Logistics Partners LP,,,,,,,,,,,,f,76d0950c-0b11-4908-9eca-0d5417eaeefb,
DELEK US HLDGS,DK,Delek US Holdings Inc,,,,,,,,,,,,f,0e94afd8-4eb8-42aa-a2aa-5e9a7cd09564,
DELEUM,5132,Deleum Bhd,,,,,,,,,,,,f,dd8f9f96-96d0-4790-951d-94fe1a585810,
DESERT MOUNTAIN ENERGY,DME,Desert Mountain Energy Corp,,,,,,,,,,,,f,f44fc3e8-7b7a-4dcc-a1e3-44905043c837,
DEUTSCHE ROHSTOFF,DR0,Deutsche Rohstoff AG,,,,,,,,,,,,f,a2ecc588-3c4a-450d-b0c8-46cd9056363c,
DEVON ENERGY,DVN,Devon Energy Corp,,,,,,,,,,,,f,fac73497-3edb-4f37-9fb5-06d9dbb5a088,
DHT HOLDINGS,DHT,DHT Holdings Inc,,,,,,,,,,,,f,ecd57836-8759-4eb7-92d3-5df343d91913,
DIALOG GR,7277,Dialog Group Bhd,,,,,,,,,,,,f,49d7fbfa-01ad-432f-9c32-608425e491e9,
DIAMOND OFFSHORE DRILLING,DO,Diamond Offshore Drilling Inc,,,,,,,,,,,,f,82a668d8-8912-4d52-a06b-4d56794d2807,
DIAMONDBACK ENERGY,FANG,Diamondback Energy Inc,,,,,,,,,,,,f,b6f58eee-8609-4e67-870d-bf5b81d34001,
DIVERSIFIED ENERGY,DEC,Diversified Energy Co PLC,,,,,,,,,,,,f,b60e133d-2e57-4f4d-b799-4b37b221d7fd,
DMC GLB,BOOM,DMC Global Inc,,,,,,,,,,,,f,0a887a5a-7921-47b2-a49e-71ab83abf746,
DNO,DNO,DNO ASA,,,,,,,,,,,,f,038b408b-0eb6-451a-a089-86a5e94b4494,
DOMINION ENERGY,D,Dominion Energy Inc,,,,,,,,,,,,f,8be55872-5bdd-4760-a6ee-6cd573079829,
DOR ALON ENERGY,DRAL,"דור אלון אנרגיה בישראל בע""מ",,,,,,,,,,,,f,1e272c58-7070-444a-8170-5345954cb6bc,
DORCHESTER MINERALS,DMLP,Dorchester Minerals LP,,,,,,,,,,,,f,c2efbdad-7077-4631-9382-e5b91a3ac7d7,
DORIAN LPG,LPG,Dorian LPG Ltd,,,,,,,,,,,,f,39915459-49a0-4d65-a308-19485caccc9c,
DOW,DOW,Dow Inc,,,,,,,,,,,,f,b3b18e4a-d997-4e48-ae5a-435ba0ee62de,
DRAX GROUP,DRX,Drax Group PLC,,,,,,,,,,,,f,2ab30ffa-4ffd-4d3e-aea2-5b3abfa7fb3e,
DRIL-QUIP,DRQ,Dril-Quip Inc,,,,,,,,,,,,f,bb3dad20-92b9-41c9-9029-e8a1df7c8ec0,
DRILLING TOOLS INTL,DTI,Drilling Tools International Corp,,,,,,,,,,,,f,15b3d040-7fed-41da-a036-9443b94f23ee,
DT MIDSTREAM,DTM,DT Midstream Inc,,,,,,,,,,,,f,4e60e250-fa59-4d5c-a745-04d2da58aaa1,
DUBAI ELECTRICITY & WATER,DEWA,هيئة كهرباء ومياه دبي ش.م.ع,,,,,,,,,,,,f,5836fd92-1dfd-4b9f-ad48-dbf23b1b1025,
DUKE ENERGY,DUK,Duke Energy Corp,,,,,,,,,,,,f,a4cd1642-5d45-4ae2-8173-b4366b46ed73,
DYNAGAS LNG PARTNERS,DLNG,Dynagas LNG Partners LP,,,,,,,,,,,,f,109b36d6-2761-4c8b-9bf9-17846ea1a8fa,
E.ON,EOAN,E.ON SE,,,,,,,,,,,,f,52550e4d-b866-470d-b2bb-75e212d243ec,
E1,17940,(주)E1,,,,,,,,,,,,f,451a1f3e-b392-4480-a1dd-79038eae206c,
ECO (ATLANTIC) OIL & GAS,EOG,Eco (Atlantic) Oil & Gas Ltd,,,,,,,,,,,,f,1cb29118-fc9d-49a8-af90-de35afbc909e,
ECOPETROL,ECOPETROL,Ecopetrol SA,,,,,,,,,,,,f,86749ae1-42fc-4319-9d6c-88cc9d133a5f,
EDDA WIND,EWIND,Edda Wind ASA,,,,,,,,,,,,f,8c790408-9445-4c29-bac6-9cecfe7281f7,
EL PASO ENERGY CAPITAL,EP-PC,El Paso Energy Capital Trust I,,,,,,,,,,,,f,7f6d1b60-7bca-400b-af08-2d89c0c846b0,
ELIXIR ENERGY,EXR,Elixir Energy Ltd,,,,,,,,,,,,f,caaf9b28-6b81-4381-b780-fcc8392ac7d0,
ELNUSA,ELSA,PT Elnusa Tbk,,,,,,,,,,,,f,8e107811-8b9b-4d72-97d0-51c42178e8cc,
ELVALHALCOR,ELHA,ΕΛΒΑΛΧΑΛΚΟΡ A.E.,,,,,,,,,,,,f,3515f416-d840-4aff-8cba-6d4df1a197f8,
EMPIRE PETROLEUM,EP,Empire Petroleum Corp,,,,,,,,,,,,f,4db517ec-7aa1-4a16-9391-052ba7f8fa30,
EMPRESA METROPOLITANA,EMAE4,Empresa Metropolitana de Águas e Energia S.A.,,,,,,,,,,,,f,61c88c3e-14bb-4790-96df-cf51b8563f96,
EMPRESAS LIPIGAS,LIPIGAS,Empresas Lipigas SA,,,,,,,,,,,,f,a8a904dc-9f38-4ae8-b5d3-6fb896eec0e9,
ENAGAS,ENG,"Enagás, S.A.",,,,,,,,,,,,f,2f0351f7-057a-4b68-9c34-b927cf90d900,
ENAUTA PARTICIPACOES,ENAT3,Enauta Participacoes SA,,,,,,,,,,,,f,39066989-1ad9-455b-b8a6-79ca6ae87ad4,
ENBRIDGE,ENB,Enbridge Inc,,,,,,,,,,,,f,b5bc025a-e84c-41ac-a61a-d60ae31e656f,
ENBW ENERGIE BADEN,EBK,EnBW Energie Baden-Württemberg AG,,,,,,,,,,,,f,b84ba587-2d2e-4091-a7f6-4ee5eb0ad088,
ENDESA,ELE,"Endesa, S.A.",,,,,,,,,,,,f,286dca1f-7a4a-4cc3-9a3f-d3b5093c8175,
ENEA,ENA,Enea SA,,,,,,,,,,,,f,47f314a6-6af4-4f08-be19-997a97379cf4,
ENEL,ENEL,Enel SpA,,,,,,,,,,,,f,0c3d029c-e0b6-4cf3-ae45-25708ae58640,
ENEOS HOLDINGS,5020,ＥＮＥＯＳホールディングス株式会社,,,,,,,,,,,,f,ecae7d52-1845-41fb-a879-11fc4ac81c4e,
ENERFLEX,EFX,Enerflex Ltd,,,,,,,,,,,,f,c1cc991f-e291-49f1-a4d9-3e8e22b20b05,
ENERGA,ENG,Energa SA,,,,,,,,,,,,f,a97d43a4-303c-4a47-8ebb-9c800e0af683,
ENERGEAN,ENOG,Energean PLC,,,,,,,,,,,,f,6d4d3e92-24b6-4dda-8cc8-28c02abd71be,
ENERGI MEGA PERSADA,ENRG,PT Energi Mega Persada Tbk,,,,,,,,,,,,f,5b478ca1-853f-4133-9add-b75b83c4c5ca,
ENERGY INTL INV HLDGS,353,能源国际投资控股有限公司,,,,,,,,,,,,f,e7d57b5f-319c-494b-9535-f5ecdf47b93b,
ENERGY TRANSFER,ET,Energy Transfer LP,,,,,,,,,,,,f,6abd80e6-213b-46c1-8cbf-f5551fb22092,
ENERGY WORLD CORPORATION,EWC,Energy World Corp Ltd,,,,,,,,,,,,f,ca6ff46d-3dfb-4531-8ecd-422a8880667c,
ENERPLUS,ERF,Enerplus Corp,,,,,,,,,,,,f,5c05d22c-2a47-40d4-ac5a-facb7d68ea1d,
ENEVA,ENEV3,Eneva SA,,,,,,,,,,,,f,1182ee22-42ec-4269-8ace-bba1a2855918,
ENGIE,ENGI,Engie SA,,,,,,,,,,,,f,80002e92-e9eb-454e-bf2f-bce03bc51a84,
ENGIE ENERGIA CHILE,ECL,Engie Energia Chile SA,,,,,,,,,,,,f,bf54a19b-8ad2-471a-a5c3-c3052ce3687f,
ENI,ENI,Eni SpA,,,,,,,,,,,,f,450c10a6-bf0b-4908-8c6e-16cda0e6dd85,
ENLINK MIDSTREAM,ENLC,EnLink Midstream LLC,,,,,,,,,,,,f,cc635eb3-59f1-4cd6-8bf0-1c7ee009bf75,
ENN NATURAL GAS,600803,新奥天然气股份有限公司,,,,,,,,,,,,f,788274cf-3cdb-4ffd-8707-7d107a47a54a,
ENQUEST,ENQ,EnQuest PLC,,,,,,,,,,,,f,88d59f22-f8ed-41ad-82b0-58670e2b0c7e,
ENSERVCO,ENSV,Enservco Corp,,,,,,,,,,,,f,a242b397-ff99-40cf-ab3f-33c8d14a9032,
ENSIGN ENERGY SERVICES,ESI,Ensign Energy Services Inc,,,,,,,,,,,,f,ff103c47-62af-48e2-9ff8-6ae8e329218b,
ENTERGY,ETR,Entergy Corp,,,,,,,,,,,,f,109beb2f-3066-4618-81a6-f68a9eeb7ad0,
ENTERPRISE PRODS PARTNERS,EPD,Enterprise Products Partners LP,,,,,,,,,,,,f,1a9cc6c6-719e-48af-9988-0044b9c9250f,
EOG RESOURCES,EOG,EOG Resources Inc,,,,,,,,,,,,f,ca801275-0956-4ea7-8ac8-2cf2d33d160b,
EPSILON ENERGY,EPSN,Epsilon Energy Ltd,,,,,,,,,,,,f,b7389975-5352-4c45-8eb8-459c29c967ad,
EQT,EQT,EQT Corp,,,,,,,,,,,,f,f64de27c-b102-40c1-b781-ad4a237d959b,
EQUINOR,EQNR,Equinor ASA,,,,,,,,,,,,f,45518efd-57c1-4bf8-bfab-70463195bcd7,
EQUITAL,EQTL,אקויטל בע,,,,,,,,,,,,f,768c4af9-6de0-4a6d-9307-5a9bc4c57c6a,
EQUITRANS MIDSTREAM,ETRN,Equitrans Midstream Corp,,,,,,,,,,,,f,bdf83273-6813-4cf4-97d4-7e6715df75b6,
ESSO,ES,Esso SAF,,,,,,,,,,,,f,c8efe035-28c5-4108-ab5c-c557ed19be91,
ETABLISSEMENTS MAUREL,MAU,Etablissements Maurel & Prom,,,,,,,,,,,,f,32d76ac0-d6d1-4f6d-8273-9b42bbb535c7,
EURONAV,EURN,Euronav NV,,,,,,,,,,,,f,addc3845-806b-4bc1-9c23-ca9468cbc06e,
EVERGY,EVRG,Evergy Inc,,,,,,,,,,,,f,a3f51e45-6c01-40ab-b22c-c48e86bbc54c,
EVOLUTION PETROLEUM,EPM,Evolution Petroleum Corp,,,,,,,,,,,,f,556cec68-a256-4f53-bed3-fa3722ff72b5,
EXCELERATE ENERGY,EE,Excelerate Energy Inc,,,,,,,,,,,,f,65db9931-d2b0-4c16-9f58-d797bac305a4,
EXMAR,EXM,Exmar NV,,,,,,,,,,,,f,fa6b0499-9f29-4a4a-a624-ecd4cbb82b28,
EXPRO GR HLDGS,XPRO,Expro Group Holdings NV,,,,,,,,,,,,f,ec6caa5c-5411-488e-a8c8-6759dfd3a89b,
EXXON MOBIL,XOM,Exxon Mobil Corp,,,,,,,,,,,,f,49d7379f-c74b-4ac2-9896-131fe3423109,
EZRA HOLDINGS,5DN,Ezra Holdings Ltd,,,,,,,,,,,,f,94ff81ec-a32e-4e1e-87ba-cd47ae3bdcef,
FERRELLGAS PARTNERS,FGPR,Ferrellgas Partners LP,,,,,,,,,,,,f,d8d79e3c-7ddb-4ec5-89c4-7806ca7a9f0d,
FIRST GEN,FGEN,First Gen Corp,,,,,,,,,,,,f,323f8c42-4706-4eab-bebb-353d7f4d84ef,
FIRST PACIFIC CORPORATION,142,First Pacific Co Ltd,,,,,,,,,,,,f,a647c194-e9a9-4a9f-bf95-7f58873970e2,
FIRST PHILIPPINE HLDGS,FPH,First Philippine Holdings Corp,,,,,,,,,,,,f,97ab5840-d444-41c1-91c6-4288deb92b42,
FLEX LNG,FLNG,Flex LNG Ltd,,,,,,,,,,,,f,2abeb7e6-becc-432b-8967-f01e96b9ae9b,
FLOTEK INDUSTRIES,FTK,Flotek Industries Inc,,,,,,,,,,,,f,8d8d55ba-e927-4a9b-aba4-36d5a598ff2e,
FLUXYS BELGIUM,FLUX,Fluxys Belgium SA,,,,,,,,,,,,f,db875c67-a9e6-4db3-a76a-80b54ae28ceb,
FORAN ENERGY GROUP,2911,佛燃能源集团股份有限公司,,,,,,,,,,,,f,58d802f1-3df4-42ac-8fc0-b7ebeb66ff61,
FORMOSA CHEMICALS & FIBRE,1326,台灣化學纖維股份有限公司,,,,,,,,,,,,f,ef24952e-f16d-4f0f-8816-714aef2957d9,
FORMOSA PETROCHEMICAL,6505,台塑石化股份有限公司,,,,,,,,,,,,f,281ebf0e-27a6-404d-99e5-1f47b8ebbf7d,
FORMOSA PLASTICS,1301,台灣塑膠工業股份有限公司,,,,,,,,,,,,f,db7fdae3-a4b4-431c-ad19-c5ab97da8eb8,
FORTIS,FTS,Fortis Inc,,,,,,,,,,,,f,0ab98472-75e7-4837-9a28-0d6684a594f5,
FORUM ENERGY TECHNOLOGIES,FET,Forum Energy Technologies Inc,,,,,,,,,,,,f,aef11553-f78d-4e32-9ca8-57c89c0fe481,
FREEHOLD ROYALTIES,FRU,Freehold Royalties Ltd,,,,,,,,,,,,f,5f46fece-7b77-4f4c-97d5-76cc8c5e5552,
FRONTERA ENERGY,FEC,Frontera Energy Corp,,,,,,,,,,,,f,acb2c16c-92ce-43fe-99bd-098eee98c10d,
FRONTLINE,FRO,Frontline Plc,,,,,,,,,,,,f,216f048e-586b-4121-b469-7dddbd19b3b5,
FUGRO,FUR,Fugro NV,,,,,,,,,,,,f,dab1f009-a63e-4431-a608-0e0b36d01ff9,
FUJI KOSAN,5009,富士興産株式会社,,,,,,,,,,,,f,1a751949-6b58-4ce5-b53d-5a49683e6bb8,
FUJI OIL CORPORATION,5017,富士石油株式会社,,,,,,,,,,,,f,77409af9-1dfa-46b0-be0b-596184b9d40e,
GAIL (INDIA),532155,GAIL (India) Ltd,,,,,,,,,,,,f,961caa25-31a8-4fe7-9177-d92badb78bd9,
GALP ENERGIA SGPS,GALP,Galp Energia SGPS SA,,,,,,,,,,,,f,c4710713-5109-4231-bd27-75df1a2eb2f8,
GAZPROM,GAZP,ПАО Газпром,,,,,,,,,,,,f,18b8923d-a395-4a9f-a53f-447242f62735,
GAZPROM NEFT,SIBN,ОАО Газпром нефть,,,,,,,,,,,,f,ee1dd8cc-2bdc-437f-a5fa-b3a78fb97c87,
GAZTRANSPORT ET TECHNIGAZ,GTT,Gaztransport et technigaz SA,,,,,,,,,,,,f,ee8ad84c-0160-45ce-8945-b989c41164e9,
GCL ENERGY TECHNOLOGY,2015,协鑫能源科技股份有限公司,,,,,,,,,,,,f,0adfad47-c0bc-4006-bbfb-d2aea6211fc3,
GD POWER DEV CORPORATION,600795,国电电力发展股份有限公司,,,,,,,,,,,,f,83dc5f54-6d9f-452f-8483-010eb0c1897a,
GEAR ENERGY,GXE,Gear Energy Ltd,,,,,,,,,,,,f,6123bfd0-8d4c-4a8a-bf2f-349e9c3383f2,
GEK TERNA HOLDING,GEKTERNA,"ΓΕΚ ΤΕΡΝΑ Α.Ε. ΣΥΜΜΕΤΟΧΩΝ, ΑΚΙΝΗΤΩΝ, ΚΑΤΑΣΚΕΥΩΝ",,,,,,,,,,,,f,b63e5221-a906-4f33-b174-1cf042c19529,
GENEL ENERGY,GENL,Genel Energy PLC,,,,,,,,,,,,f,a02d6a05-8b24-44a5-9e3a-409b394168fa,
GENERAL ELECTRIC,GE,General Electric Co,,,,,,,,,,,,f,bc839d21-d39e-4eed-80c1-2c29d494708f,
GENESIS ENERGY,GEL,Genesis Energy LP,,,,,,,,,,,,f,83cbae92-1f3d-4a9c-b694-0e4dad7f82c6,
GEOPARK,GPRK,GeoPark Ltd,,,,,,,,,,,,f,bbcd1015-8ed9-4851-9826-8762b3b3a36b,
GEOSPACE TECHNOLOGIES,GEOS,Geospace Technologies Corp,,,,,,,,,,,,f,c5467a1c-64cd-4490-a9e4-ee57108cfe15,
GIBSON ENERGY,GEI,Gibson Energy Inc,,,,,,,,,,,,f,b1c9b0fd-d393-4e3a-86d4-b1394c16b886,
GLENCORE,GLEN,Glencore PLC,,,,,,,,,,,,f,e23cdd38-a783-4ddc-a4b3-a6c95daf0258,
GLOBAL PARTNERS,GLP,Global Partners LP,,,,,,,,,,,,f,bea42590-8c5c-4e9e-8230-2fb939cc7a7d,
GOLAR LNG,GLNG,Golar LNG Ltd,,,,,,,,,,,,f,f61584be-69af-4548-a3cd-c1614674fa6a,
GOLAR LNG PARTNERS,GMLP,Golar LNG Partners LP,,,,,,,,,,,,f,80bdc650-ce78-48d9-bab3-f1ef33e02141,
GRAN TIERRA ENERGY,GTE,Gran Tierra Energy Inc,,,,,,,,,,,,f,053d5340-3a06-4097-86c9-7d4683bc25e8,
GRANITE RIDGE RESOURCES,GRNT,Granite Ridge Resources Inc,,,,,,,,,,,,f,e7c2921e-e294-4e74-8087-4cb050b3ebde,
GREENFIRE RESOURCES,GFR,Greenfire Resources Ltd,,,,,,,,,,,,f,f6cc1eec-d172-4372-acea-a9190651aea4,
GRUPO CARSO,GCARSOA1,Grupo Carso SAB de CV,,,,,,,,,,,,f,67a73fac-88c0-4171-85bc-d8e5ee8644f8,
GS HOLDINGS,78930,(주)GS,,,,,,,,,,,,f,afa9cd14-f537-4e51-855f-3f9c6151cbc5,
GT CAPITAL HOLDINGS,GTCAP,GT Capital Holdings Inc,,,,,,,,,,,,f,5ab5d253-f62f-4200-84ad-56c8f2896a7c,
GUANGDONG ELECTRIC POWER,539,广东电力发展股份有限公司,,,,,,,,,,,,f,8adecfa2-62a6-4ddd-b94a-dab6bcb085e8,
GUANGHUI ENERGY,600256,广汇能源股份有限公司,,,,,,,,,,,,f,28279949-0d56-4271-9179-3456eaca2a6c,
GUANGZHOU DEVELOPMENT GR,600098,广州发展集团股份有限公司,,,,,,,,,,,,f,f141a98e-0511-4bc0-9237-5690bb7e9ebf,
GUANGZHOU HENGYUN,531,广州恒运企业集团股份有限公司,,,,,,,,,,,,f,c466cc8c-255c-443c-a024-912c0b3b2744,
GUJARAT STATE PETRONET,532702,Gujarat State Petronet Ltd,,,,,,,,,,,,f,00d9e325-ad6c-4d7e-b2b4-e1f67038ebdb,
GULF COAST ULTRA DEEP,GULTU,Gulf Coast Ultra Deep Royalty Trust,,,,,,,,,,,,f,28eadeb7-a0ac-4e83-a473-17728bde0fd6,
GULF ENERGY DEVELOPMENT,GULF,บริษัท กัลฟ์ เอ็นเนอร์จี ดีเวลลอปเมนท์ จำกัด (มหาชน),,,,,,,,,,,,f,7d6797f1-367c-4e9f-8fc9-0a2eaa16d815,
GULF KEYSTONE PETROLEUM,GKP,Gulf Keystone Petroleum Ltd,,,,,,,,,,,,f,6290fed3-4153-4378-820f-04c7325b3f20,
GULF MARINE SERVICES,GMS,Gulf Marine Services PLC,,,,,,,,,,,,f,d75e1ef5-9f94-4adf-831d-51a32601dc99,
GULFPORT ENERGY,GPOR,Gulfport Energy Corp,,,,,,,,,,,,f,24ec736c-cdd7-4046-9efb-b20d9d46c7a6,
HALLIBURTON,HAL,Halliburton Co,,,,,,,,,,,,f,6301d545-d94d-485d-8a68-83eeadceebf3,
HAN KOOK SHELL OIL,2960,한국쉘석유(주),,,,,,,,,,,,f,3a5ec697-dab7-45b0-b45e-364021b5228b,
HANWHA,880,(주)한화,,,,,,,,,,,,f,a7cce4d1-a36c-485d-8d18-fbf9c76708d3,
HARBOUR ENERGY,HBR,Harbour Energy PLC,,,,,,,,,,,,f,abdc084f-969e-428c-b7fc-07a710035210,
HD HYUNDAI,267250,에이치디현대(주),,,,,,,,,,,,f,15c4921c-621d-4a98-b5c6-67c80d72e738,
HDC HLDGS,12630,에이치디씨(주),,,,,,,,,,,,f,d6d57406-814d-48f5-8b5f-b6e1e9abadad,
HEADWATER EXPLORATION,HWX,Headwater Exploration Inc,,,,,,,,,,,,f,5f7b0deb-5535-474a-ae93-ee1b1e769193,
HELIOS ENERGY,HE8,Helios Energy Ltd,,,,,,,,,,,,f,d63b9fde-801b-4227-8537-390e9ca7a495,
HELIX ENERGY SOLNS GR,HLX,Helix Energy Solutions Group Inc,,,,,,,,,,,,f,2605587a-a215-455e-be29-a993d76fc0bc,
HELLENIQ ENERGY HLDGS,ELPE,HELLENiQ ENERGY Ανώνυμη Εταιρεία Συμμετοχών,,,,,,,,,,,,f,a6071f6d-2931-444e-a650-fac2a8814754,
HELMERICH & PAYNE,HP,Helmerich & Payne Inc,,,,,,,,,,,,f,7b5590b4-1129-4551-96d7-82b2e82efd8e,
HEMISPHERE ENERGY,HME,Hemisphere Energy Corp,,,,,,,,,,,,f,5124d98f-24fe-4372-b9de-f069a300fb7f,
HENGYUAN REFINING CORPORATION,4324,Hengyuan Refining Co Bhd,,,,,,,,,,,,f,7be262ec-90cf-424c-b4cb-01ecfd2795ef,
HESS,HES,Hess Corp,,,,,,,,,,,,f,5f489113-6310-471c-ab1f-fe263132e70b,
HESS MIDSTREAM,HESM,Hess Midstream LP,,,,,,,,,,,,f,1e890264-44ce-4b32-a3f8-bbdb1e5542f0,
HF SINCLAIR,DINO,HF Sinclair Corp,,,,,,,,,,,,f,38e50109-75df-45a5-827d-e306cc6397ec,
HIBISCUS PETROLEUM,5199,Hibiscus Petroleum Bhd,,,,,,,,,,,,f,25a09bed-4e7a-4eb0-82ca-3d8f5f6aa40d,
HIGH ARCTIC ENERGY SERVS,HWO,High Arctic Energy Services Inc,,,,,,,,,,,,f,74974181-a73e-4b0e-b12c-8ea4e93a5f06,
HIGHPEAK ENERGY,HPK,HighPeak Energy Inc,,,,,,,,,,,,f,763c987e-ff30-4371-8fcb-ce5964189b05,
HILONG HOLDING,1623,海隆控股有限公司,,,,,,,,,,,,f,1151a473-cf8e-4421-8c21-cf687ca87ca9,
HINDUSTAN OIL EXPLORATION,500186,Hindustan Oil Exploration Co Ltd,,,,,,,,,,,,f,e1c89fff-41bc-44df-b8ea-77bd245953b7,
HINDUSTAN PETROLEUM CORPORATION,HINDPETRO,Hindustan Petroleum Corp Ltd,,,,,,,,,,,,f,08eac838-5cdc-4a56-81f4-d9e8b9b3cc2a,
HIROSHIMA GAS,9535,広島ガス株式会社,,,,,,,,,,,,f,a831b41f-6fd2-4c85-85f3-8c5921bb5aff,
HK ELECTRIC INV,2638,港燈電力投資 與 港燈電力投資有限公司,,,,,,,,,,,,f,899a9446-3b36-483d-a420-b342631fd2f9,
HONGHUA GROUP,196,宏华集团有限公司,,,,,,,,,,,,f,06d65414-9003-4dc4-8033-dabf8eefc40a,
HORIZON OIL,HZN,Horizon Oil Ltd,,,,,,,,,,,,f,90b0102b-6a63-49c2-9ddb-ddf54502ef4a,
HOUPU CLEAN ENERGY GROUP,300471,厚普清洁能源(集团)股份有限公司,,,,,,,,,,,,f,7a0da68c-0237-4955-8ef6-61c4198f53e8,
HOUSTON AMERICAN ENERGY,HUSA,Houston American Energy Corp,,,,,,,,,,,,f,600005fc-4792-48e2-9d71-4922765b8f92,
HUADIAN POWER INTL CORPORATION,600027,华电国际电力股份有限公司,,,,,,,,,,,,f,fe903446-0a1d-41bc-b79f-62926e7e4c0a,
HUANENG POWER INTL,600011,华能国际电力股份有限公司,,,,,,,,,,,,f,8e5eadc7-8390-4639-9181-4486321e69d0,
HUNTER GROUP,HUNT,Hunter Group ASA,,,,,,,,,,,,f,f27c277f-6674-478d-ac3c-615ede96d8d7,
HUNTING,HTG,Hunting PLC,,,,,,,,,,,,f,0b0b518a-5144-46f6-9d04-84ec5037982a,
HY ENERGY GR,600387,海越能源集团股份有限公司,,,,,,,,,,,,f,5275c8e1-bc23-4bb5-8192-0c06dde6ea16,
HYUNDAI ENGINEERING,720,현대건설(주),,,,,,,,,,,,f,af1afbc0-1994-4b87-8e35-4fea7e146262,
HYUNDAI MOTOR,5380,현대자동차(주),,,,,,,,,,,,f,a639edaa-c672-4343-ac88-2bb32babd6c6,
I3 ENERGY,I3E,i3 Energy PLC,,,,,,,,,,,,f,c9a627df-10b6-4728-990c-a0c4070fc8ce,
ICAHN ENTERPRISES,IEP,Icahn Enterprises LP,,,,,,,,,,,,f,fde13a80-7f82-482d-b414-56bd18a1b20b,
IDACORP,IDA,Idacorp Inc,,,,,,,,,,,,f,e37d49ec-d7ba-476f-bbf2-9cc98bdd4750,
IDEMITSU KOSAN,5019,出光興産株式会社,,,,,,,,,,,,f,dea7e982-a498-4028-a518-9d9bb18effef,
IMPERIAL OIL,IMO,Imperial Oil Ltd,,,,,,,,,,,,f,f6a9c1ce-44ce-4f70-b27f-a4ea513dce11,
IMPERIAL PTRL,IMPP,Imperial Petroleum Inc,,,,,,,,,,,,f,dee2c355-e708-4a67-9461-b38e1cdc1aec,
INDEPENDENCE CONTRACT,ICD,Independence Contract Drilling Inc,,,,,,,,,,,,f,d0c88fa3-784a-4d10-ad4b-7f0c5874edda,
INDIAN OIL CORPORATION,IOC,Indian Oil Corp Ltd,,,,,,,,,,,,f,0cec2e1c-1878-4114-b1dd-37f649949492,
INPEX,1605,国際石油開発帝石株式会社,,,,,,,,,,,,f,98e292e1-84a9-48a9-9af0-23b7cf988475,
INPLAY OIL,IPO,InPlay Oil Corp,,,,,,,,,,,,f,01b2124d-e355-46fb-bbb6-9199fa67061e,
INTERNATIONAL PTRL,IPCO,International Petroleum Corp,,,,,,,,,,,,f,0b806aef-d171-4438-b91c-2e567d53357a,
INTERNATIONAL SEAWAYS,INSW,International Seaways Inc,,,,,,,,,,,,f,be8c884c-77c2-40ac-9fb2-b2c70b8f14bc,
INVICTUS ENERGY,IVZ,Invictus Energy Ltd,,,,,,,,,,,,f,eb2457b1-fae9-4560-ad42-9c7f9840acef,
IREN,IRE,Iren SpA,,,,,,,,,,,,f,51f03ba6-bc1c-4659-87df-30f64285f48e,
IRPC,IRPC,บริษัท ไออาร์พีซี จำกัด (มหาชน),,,,,,,,,,,,f,0634b485-8324-4fe5-8096-15686ddd78f2,
ISRAMCO NEGEV 2 LIMITED PARTNERSHIP,ISRA,ישראמקו נגב 2 שותפות מוגבלת,,,,,,,,,,,,f,aefae53e-d4dc-44c3-b17e-a5d3c9e407d8,
ITHACA ENERGY,ITH,Ithaca Energy PLC,,,,,,,,,,,,f,3bcb3fcb-b40e-40fa-81f5-a5188ef2cd3e,
ITOCHU,8001,伊藤忠商事株式会社,,,,,,,,,,,,f,6f4a096f-8189-4c7e-952e-a490a177e182,
ITOCHU ENEX CORPORATION,8133,伊藤忠エネクス株式会社,,,,,,,,,,,,f,d3602124-7c3e-4ac6-ab2f-de0b77ebdde1,
JADESTONE ENERGY,JSE,Jadestone Energy PLC,,,,,,,,,,,,f,b36719f1-d1ac-482b-aded-4815c4a3b905,
JAMUNA OIL CORPORATION,JAMUNAOIL,Jamuna Oil Co Ltd,,,,,,,,,,,,f,5ff609fb-06bb-425c-811f-b374be296712,
JAPAN PETROLEUM,1662,石油資源開発株式会社,,,,,,,,,,,,f,3912fab3-f5dd-4c15-a943-9ced117d4c57,
JG SUMMIT HOLDINGS,JGS,JG Summit Holdings Inc,,,,,,,,,,,,f,a5bb1253-3a80-4396-9180-1fdeca9fb61b,
JIANGSU GUOXIN,2608,江苏国信股份有限公司,,,,,,,,,,,,f,06125822-233d-4e42-aa19-ebabf7460f86,
JIANGSU LOPAL TECH CORPORATION,603906,江苏龙蟠科技股份有限公司,,,,,,,,,,,,f,b238f3d4-73d6-4f67-8d22-e24465b5d78c,
JIANGXI JOVO ENERGY CORPORATION,605090,江西九丰能源股份有限公司,,,,,,,,,,,,f,23a7e263-d7b6-4bea-a5d4-d145ce1d40cd,
JINDAL DRILLING & INDUS,511034,Jindal Drilling & Industries Ltd,,,,,,,,,,,,f,50906983-6d2c-4e1d-ad07-2127d2332442,
JOHN WOOD GROUP,WG.,John Wood Group Plc,,,,,,,,,,,,f,6688247e-d5cb-4897-bbd8-9ff02ef03ba2,
JORDAN PETROLEUM REFINERY,JOPT,Jordan Petroleum Refinery Co Ltd,,,,,,,,,,,,f,ec12ff6c-a193-4888-9665-0e6ed0d19f23,
JOURNEY ENERGY,JOY,Journey Energy Inc,,,,,,,,,,,,f,9ad7469d-1ec4-4379-bc52-9be2c36896e7,
JUTAL OFFSHORE OIL SERVS,3303,Jutal Offshore Oil Services Ltd,,,,,,,,,,,,f,1ec4ead4-f76b-4e20-a737-8ac1fb28a6fe,
KAMEI,8037,カメイ株式会社,,,,,,,,,,,,f,e3320ea1-3b46-4d36-a1f3-378043ed195f,
KAROON ENERGY,KAR,Karoon Energy Ltd,,,,,,,,,,,,f,1c3eb4eb-ace4-4963-b600-b749904ca4a0,
KAWASAN INDUSTRI JABABEKA,KIJA,PT Kawasan Industri Jababeka Tbk,,,,,,,,,,,,f,fd085d9b-7cbf-45e7-ab5f-95a67cc713da,
KELT EXPLORATION,KEL,Kelt Exploration Ltd,,,,,,,,,,,,f,088f010b-4861-44f8-b3e8-64508e08e6db,
KENON HLDGS,KEN,Kenon Holdings Ltd,,,,,,,,,,,,f,61218f25-52ee-42d7-99e8-d393b422fcc0,
KEPPEL,BN4,Keppel Ltd,,,,,,,,,,,,f,33cc6bbb-52ef-443c-89e1-95e2b58bba0b,
KEY ENERGY SERVS,KEGX,Key Energy Services Inc,,,,,,,,,,,,f,15475024-7348-4b1b-8663-6a23c11e1f8c,
KEYERA,KEY,Keyera Corp,,,,,,,,,,,,f,d10c8a07-2cb4-40ff-a941-55075dfc56e4,
KIMBELL ROYALTY PARTNERS,KRP,Kimbell Royalty Partners LP,,,,,,,,,,,,f,fcbcd717-d488-4bbd-92be-912572106164,
KINDER MORGAN,KMI,Kinder Morgan Inc,,,,,,,,,,,,f,0d6d21ed-c809-446d-950a-ab86b3849da7,
KINETIK HOLDINGS,KNTK,Kinetik Holdings Inc,,,,,,,,,,,,f,412e5d2f-3dd8-44ad-a164-b726e27b0b1e,
KIWETINOHK ENERGY,KEC,Kiwetinohk Energy Corp,,,,,,,,,,,,f,d08cced3-9a52-45c4-a35d-933b02935cab,
KKR & CORPORATION,KKR,KKR & Co Inc,,,,,,,,,,,,f,5a8fe5bd-e29c-445a-a0d2-8bd8df2c0c99,
KLX ENERGY SERVICES HLDGS,KLXE,KLX Energy Services Holdings Inc,,,,,,,,,,,,f,78bbb381-cee7-44e6-bf78-f1cd9048312d,
KN ENERGIES,KNE1L,KN Energies AB,,,,,,,,,,,,f,1875cfa2-22ff-4699-b236-f4c85f8f0a8f,
KODIAK GAS SERVICES,KGS,Kodiak Gas Services Inc,,,,,,,,,,,,f,dfb0f086-873a-47b3-a6f0-925bea61abb6,
KOGENERACJA,KGN,Kogeneracja S.A.,,,,,,,,,,,,f,57137b38-244a-465a-84bc-ef1cbfb8c252,
KOIL ENERGY SOLUTIONS,KLNG,Koil Energy Solutions Inc,,,,,,,,,,,,f,5d68e121-c72d-4881-8af8-b931cdf12ff7,
KOLIBRI GLOBAL ENERGY,KEI,Kolibri Global Energy Inc,,,,,,,,,,,,f,dbab7a57-12fb-425d-b036-5353a731a1a5,
KONINKLIJKE VOPAK,VPK,Koninklijke Vopak NV,,,,,,,,,,,,f,786de17c-6443-40c1-a86e-f34d5c732006,
KOREA ELECTRIC POWER,15760,한국전력공사(주),,,,,,,,,,,,f,3b598f8f-d2bf-4c9f-80b8-27f4c63a093b,
KOREA GAS,36460,한국가스공사(주),,,,,,,,,,,,f,bab5d817-ff3f-4453-b83a-b34adda83f21,
KOSMOS ENERGY,KOS,Kosmos Energy Ltd,,,,,,,,,,,,f,412517c8-9542-4510-9391-1dd7d18b0698,
KRAKATAU STEEL (PERSERO),KRAS,PT Krakatau Steel (Persero) Tbk,,,,,,,,,,,,f,2a7f3cf1-debc-44f4-8dc3-5af259933154,
KS ENERGY,578,KS Energy Ltd,,,,,,,,,,,,f,bb6f34e2-5b26-46cf-a585-f3bbf8a75813,
KUNLUN ENERGY,135,昆仑能源有限公司,,,,,,,,,,,,f,3fd8f1e3-76fb-47ce-a2df-b981b53d378c,
KYUSHU ELECTRIC POWER CORPORATION,9508,九州電力株式会社,,,,,,,,,,,,f,d2312184-b76d-4028-9317-5098578d0d8e,
LA FRANCAISE DE L'ENERGIE,FDE,La Francaise de l'Energie,,,,,,,,,,,,f,91c59bc5-8273-44b0-af64-63a27d64e121,
LAFARGE AFRICA,WAPCO,Lafarge Africa PLC,,,,,,,,,,,,f,2829ed02-6c32-4d9f-8354-fef372fc0e56,
LANKA IOC,LIOC.N0000,Lanka IOC PLC,,,,,,,,,,,,f,3ec32796-d2c1-4b83-8d5a-4649473bcfd6,
LAPIDOTH CAPITAL,LAPD,לפידות קפיטל בע''מ,,,,,,,,,,,,f,78c6dded-0c9c-4677-8dbe-3f58138edc07,
LEE & MAN PAPER MFG,2314,理文造纸有限公司,,,,,,,,,,,,f,a31f66e7-b0e9-4847-8260-ca3d0c919671,
LIBERTY ENERGY,LBRT,Liberty Energy Inc,,,,,,,,,,,,f,dbce2305-5fe6-4deb-90ab-ef55007c2021,
LNG ENERGY GROUP,LNGE,LNG Energy Group Corp,,,,,,,,,,,,f,33994ab7-36c0-4e4b-aab1-b92e75974723,
LOGAN ENERGY,LGN,Logan energy corp,,,,,,,,,,,,f,4331f091-9c6d-48ba-a98f-0a1afb66e801,
LOPEZ HOLDINGS,LPZ,Lopez Holdings Corp,,,,,,,,,,,,f,175ace7f-1fa7-4e59-9586-7ac5c0c920d9,
LUCERO ENERGY,LOU,Lucero Energy Corp,,,,,,,,,,,,f,bbf14172-ead7-489e-b0fc-9cea82ed4da9,
LUKOIL,LKOH,ПАО ЛУКОЙЛ,,,,,,,,,,,,f,55c70a30-45bc-4002-b32f-c9df5c4237d7,
MACH NATURAL RESOURCES,MNR,Mach Natural Resources,,,,,,,,,,,,f,65becf41-4681-48c2-a88a-7c934098b36e,
MAGNOLIA OIL & GAS,MGY,Magnolia Oil & Gas Corp,,,,,,,,,,,,f,ed4ae8ff-c7ec-4ea5-b1c3-9508101e8443,
MAHA ENERGY,MAHA A,Maha Energy AB,,,,,,,,,,,,f,54b86145-8edc-438a-906e-0994b2bdfb00,
MALAKOFF CORPORATION,5264,Malakoff Corp Bhd,,,,,,,,,,,,f,781a9d0d-7e1d-46a1-8815-3e74756f2e09,
MALAYSIA MARINE,5186,Malaysia Marine and Heavy Engineering Holdings Bhd,,,,,,,,,,,,f,b7c5cbc5-ee1d-41a7-ae81-f43152e1a4f0,
MANGALORE REFINERY,500109,Mangalore Refinery and Petrochemicals Ltd,,,,,,,,,,,,f,e8a7aee4-a1f8-4cc1-a26c-11af157b1d1a,
MANILA ELECTRIC,MER,Manila Electric Co,,,,,,,,,,,,f,651420f3-4c59-47d5-891e-9063f8f3a723,
MARATHON OIL,MRO,Marathon Oil Corp,,,,,,,,,,,,f,90e52a7c-2ee9-40a6-916a-bc5b8c6d3e94,
MARATHON PETROLEUM,MPC,Marathon Petroleum Corp,,,,,,,,,,,,f,a4d0f37f-3c71-4bf5-bce9-6ffe41f182b9,
MARI PETROLEUM CORPORATION,MARI,Mari Petroleum Co Ltd,,,,,,,,,,,,f,26116dfb-72e2-40c0-b4bd-98bb060307f7,
MARINE PETROLEUM TRUST,MARPS,Marine Petroleum Trust,,,,,,,,,,,,f,3115e1d6-03ba-43c0-8065-82cf86f17281,
MARTIN MIDSTREAM PARTNERS,MMLP,Martin Midstream Partners LP,,,,,,,,,,,,f,60aa7177-03c0-4899-b3f1-0010d5ec6d51,
MARUBENI,8002,丸紅株式会社,,,,,,,,,,,,f,e7292b17-b300-43bc-a5b7-47a707f0604e,
MATADOR RESOURCES,MTDR,Matador Resources Co,,,,,,,,,,,,f,c79bebcd-745a-48ff-9961-1e9035267b80,
MATTR,MATR,Mattr Corp,,,,,,,,,,,,f,c4a90804-ecb3-4e5b-8465-e13876acfdf7,
MAXIM POWER,MXG,Maxim Power Corp,,,,,,,,,,,,f,a21c611d-33df-400f-850a-4196dade9412,
MCCOY GLOBAL,MCB,McCoy Global Inc,,,,,,,,,,,,f,c364417e-b128-4dc8-abf2-c4e125a05b05,
MDU RESOURCES GR,MDU,MDU Resources Group Inc,,,,,,,,,,,,f,55d5ec58-3913-4aa9-8b79-30f5cc0773f4,
MEDCO ENERGI,MEDC,PT Medco Energi Internasional Tbk,,,,,,,,,,,,f,82423d78-b880-4554-bb33-7aec2b71e91d,
MEG ENERGY,MEG,MEG Energy Corp,,,,,,,,,,,,f,40ff20a0-9ebc-4113-bbeb-c08a093e4cd3,
MEGHNA PETROLEUM,MPETROLEUM,Meghna Petroleum Ltd,,,,,,,,,,,,f,4cb49cbf-e103-4c2a-a85b-58c29586ead9,
MELBANA ENERGY,MAY,Melbana Energy Ltd,,,,,,,,,,,,f,74a48fe2-5986-4150-94c7-2f4afc03b02f,
MERMAID MARITIME,DU4,บริษัท เมอร์เมด มาริไทม์ จำกัด (มหาชน),,,,,,,,,,,,f,adff6a52-1b3f-4b3e-a539-94b3b2235f83,
MEXCO ENERGY,MXC,Mexco Energy Corp,,,,,,,,,,,,f,64f60918-80b2-46c2-b3cb-70b8559c129f,
MICHANG OIL IND,3650,미창석유공업(주),,,,,,,,,,,,f,3b814d1a-65c6-41c1-9ca4-e58b54bb22f9,
MIGDAL INSURANCE & FINL,MGDL,מגדל אחזקות ביטוח ופיננסים בע''מ,,,,,,,,,,,,f,2bb51739-3c29-43c0-ad17-a661cc22102b,
MINERAL RESOURCES,MIN,Mineral Resources Ltd,,,,,,,,,,,,f,c0af67ba-9146-4ffb-acb3-86e8c9fe2c24,
MINING & METALLURGICAL CORPORATION,GMKN,ПАО «ГМК «Норильский никель»,,,,,,,,,,,,f,73a0d8f3-5d54-482f-b05e-0c3b29aa011a,
MITSUBISHI,8058,三菱商事株式会社,,,,,,,,,,,,f,c3435b7c-fcd1-43bb-a964-d2b3b7c7d8fc,
MITSUBISHI HEAVY INDUS,7011,三菱重工業株式会社,,,,,,,,,,,,f,35f64ffe-3243-4157-bf32-924aa9dc983d,
MITSUI & CORPORATION,8031,三井物産株式会社,,,,,,,,,,,,f,45620ef8-be51-4c38-a938-8776cb49d822,
MITSUUROKO GROUP HOLDINGS,8131,株式会社ミツウロコグループホールディングス,,,,,,,,,,,,f,a1bcfbbe-7417-491e-af9c-97870aad3b52,
MIVTACH SHAMIR HOLDINGS,MISH,מבטח שמיר אחזקות בע''מ,,,,,,,,,,,,f,f407cee7-8d9c-4549-a5ca-701f176d9d70,
MODEC,6269,三井海洋開発株式会社,,,,,,,,,,,,f,24634bb2-e6c8-4573-8468-ca9493a59521,
MOL HUNGARIAN OIL AND GAS,MOL,MOL Hungarian Oil and Gas PLC,,,,,,,,,,,,f,cc0b5486-a1b6-48ea-92c5-39a0b5f1a406,
MOTA-ENGIL,EGL,Mota-Engil,,,,,,,,,,,,f,03000935-8131-4c2f-846a-e65321ee4141,
MOTOR OIL (HELLAS),MOH,ΜΟΤΟΡ ΟΪΛ (ΕΛΛΑΣ) ΔΙΥΛΙΣΤΗΡΙΑ ΚΟΡΙΝΘΟΥ ΑΕ,,,,,,,,,,,,f,d7454846-dcd9-466b-b091-96ca953c8965,
MPLX,MPLX,MPLX LP,,,,,,,,,,,,f,03251993-69ba-4845-8d44-0f4e8db62a03,
MRC GLOBAL,MRC,MRC Global Inc,,,,,,,,,,,,f,dfddd6c8-9bb5-4b8d-9e38-505cce0d3a9d,
MURPHY OIL,MUR,Murphy Oil Corp,,,,,,,,,,,,f,cbc8c272-6bcf-45a2-b790-54e3188433e3,
MYTILINEOS,MYTIL,ΜΥΤΙΛΗΝΑΙΟΣ Α.Ε. - ΟΜΙΛΟΣ ΕΠΙΧΕΙΡΗΣΕΩΝ,,,,,,,,,,,,f,1e97ddf4-6367-48a5-91f0-4c992daca4ef,
NABORS INDUSTRIES,NBR,Nabors Industries Ltd,,,,,,,,,,,,f,315d58e0-2951-45e7-8c39-ff378c1bafe5,
NAN YA PLASTICS,1303,南亞塑膠工業股份有限公司,,,,,,,,,,,,f,cb87dfea-c733-4163-aa19-8c3d872f2279,
NANJING DEVELOP ADVANCED,688377,南京迪威尔高端制造股份有限公司,,,,,,,,,,,,f,022c1c4c-5cf2-4bb6-8734-e61686097da9,
NANJING TANKER,601975,中国长江航运集团南京油运股份有限公司,,,,,,,,,,,,f,e472afab-5727-434e-9ef9-6609356c594f,
NAPHTHA ISRAEL PETROLEUM,NFTA,נפטא חברה ישראלית לנפט בע''מ,,,,,,,,,,,,f,f8f0c9b6-79b4-4867-8737-d331623c0893,
NATIONAL ENERGY SERVICES,NESR,National Energy Services Reunited Corp,,,,,,,,,,,,f,1c967475-25a0-4e0d-a25e-11c0a9ce4a7a,
NATIONAL FUEL GAS,NFG,National Fuel Gas Co,,,,,,,,,,,,f,54f07384-717d-4bbc-b39a-8768e4fe960d,
NATIONAL GAS,2080,شركة الغاز والتصنيع الأهلية,,,,,,,,,,,,f,84098e9e-f77f-481a-abeb-804c81496112,
NATIONAL GRID,NG.,National Grid PLC,,,,,,,,,,,,f,2946e8b3-0138-4edc-9b37-770a23d99879,
NATURAL GAS SERVICES GR,NGS,Natural Gas Services Group Inc,,,,,,,,,,,,f,687a5385-e7ce-45cd-a2ec-8b4e45bc5144,
NATURELGAZ SANAYI VE,NTGAZ,NATURELGAZ SANAYI VE TICARET AS,,,,,,,,,,,,f,13ae8846-a22f-4204-b372-3223cd094e09,
NAVIGATOR HOLDINGS,NVGS,Navigator Holdings Ltd,,,,,,,,,,,,f,c300e68a-112c-4dc6-adf7-c0dccd2ac440,
NCS MULTISTAGE HOLDINGS,NCSM,NCS Multistage Holdings Inc,,,,,,,,,,,,f,c126ce9e-c359-4fd2-bb56-cf63eda3f6ac,
NESTE,NESTE,Neste Oyj,,,,,,,,,,,,f,98c5cc9c-f3bb-440a-b419-7ef91c68fb7f,
NEW FORTRESS ENERGY,NFE,New Fortress Energy Inc,,,,,,,,,,,,f,a03324da-0972-4255-b016-b9981d35f933,
NEW STRATUS ENERGY,NSE,New Stratus Energy Inc,,,,,,,,,,,,f,58ac0b60-5604-4252-a15b-d0b4f8465293,
NEWMED ENERGY,NWMD,NewMed Energy LP,,,,,,,,,,,,f,d36efa04-7981-4122-95da-f880428387b8,
NEWOCEAN ENERGY HOLDINGS,NE6,新海能源集团有限公司,,,,,,,,,,,,f,f449b5eb-aa59-4ab1-90dd-185fc23990a9,
NEWPARK RESOURCES,NR,Newpark Resources Inc,,,,,,,,,,,,f,2caee025-2060-4019-bd48-d061898b1245,
NEXTDECADE,NEXT,NextDecade Corp,,,,,,,,,,,,f,94e695ec-1df2-405e-9b1f-917a8b282f3a,
NEXTERA ENERGY,NEE,NextEra Energy Inc,,,,,,,,,,,,f,8e90972b-3472-4016-8883-c78bdce3f703,
NG ENERGY INTL,GASX,NG Energy International Corp,,,,,,,,,,,,f,922e2731-923e-43d6-8ecb-bfc6cb00650c,
NGL ENERGY PARTNERS,NGL,NGL Energy Partners LP,,,,,,,,,,,,f,767affa3-a18b-406f-8020-0320701142b1,
NINE DRAGONS PAPER,2689,玖龙纸业（控股）有限公司,,,,,,,,,,,,f,a58ac88e-98f2-4b48-bd8a-0c109c904735,
NINE ENERGY SERVICE,NINE,Nine Energy Service Inc,,,,,,,,,,,,f,3e5cfd76-bca3-4853-bed7-22506a1518b4,
NIPPON CONCEPT,9386,日本コンセプト株式会社,,,,,,,,,,,,f,186b0bbe-db3a-4388-9b68-45b6d7d3a4f3,
NISOURCE,NI,NiSource Inc,,,,,,,,,,,,f,fdb1ad5f-66b7-4d51-9861-c6916abd2417,
NOBLE CORPORATION,NE,Noble Corp PLC,,,,,,,,,,,,f,918382fa-c145-46e0-b8bc-2ed98323ce4b,
NORAM DRILLING,NORAM,Noram Drilling Company AS,,,,,,,,,,,,f,d4c912fd-a377-4468-b01c-4bf11e443c7b,
NORTH AMERICAN,NOA,North American Construction Group Ltd,,,,,,,,,,,,f,333aae60-17e2-4498-b075-3f4909d6935a,
NORTHERN OCEAN,NOL,Northern Ocean Ltd,,,,,,,,,,,,f,679468b4-8a8a-4910-9d82-8cf48cbf3f57,
NORTHERN OIL & GAS,NOG,Northern Oil & Gas Inc,,,,,,,,,,,,f,852511ff-300e-4f1d-9ff1-dff63109be15,
NOSTRUM OIL & GAS,NOG,Nostrum Oil & Gas PLC,,,,,,,,,,,,f,e8b801ec-fab7-427c-b742-bf09f1c083ee,
NOV,NOV,NOV Inc,,,,,,,,,,,,f,2992f107-db6e-4fac-822d-0cdec9c411e6,
NOVAGOLD RESOURCES,NG,Novagold Resources Inc,,,,,,,,,,,,f,c983fe38-fc52-47df-828d-01ef414c58f6,
NOVATEK,NVTK,пао НОВАТЭК,,,,,,,,,,,,f,f4023234-1109-4dfe-996d-e40d312d2023,
NUSTAR ENERGY,NS,NuStar Energy LP,,,,,,,,,,,,f,3f089027-5048-4917-88a3-cccd08493520,
NUVISTA ENERGY,NVA,NuVista Energy Ltd,,,,,,,,,,,,f,5e5dbf1e-41bc-4317-82b2-8fe6efc5649e,
NWF GROUP,NWF,NWF Group PLC,,,,,,,,,,,,f,38bbcdae-7178-4154-945b-45d5945e8f47,
OBSIDIAN ENERGY,OBE,Obsidian Energy Ltd,,,,,,,,,,,,f,1bfed2cc-26e3-4a98-b156-83ad02ccfb0d,
OCCIDENTAL PETROLEUM,OXY,Occidental Petroleum Corp,,,,,,,,,,,,f,22a589e9-f08e-4dbe-a731-d2c612cdcf7d,
OCEANEERING INTERNATIONAL,OII,Oceaneering International Inc,,,,,,,,,,,,f,72147423-1d06-46cc-8962-f20f1370d76c,
ODFJELL DRILLING,ODL,Odfjell Drilling Ltd,,,,,,,,,,,,f,94286a97-900a-42b3-99ec-b91d774c732a,
ODFJELL TECHNOLOGY,OTL,Odfjell Technology Ltd,,,,,,,,,,,,f,e69c019b-f0b5-403a-bd04-34ee55eb49b6,
OFFSHORE OIL ENG CORPORATION,600583,海洋石油工程股份有限公司,,,,,,,,,,,,f,4366149d-e142-48d0-b541-ae39f09c7d69,
OGK-2,OGKB,ОАО ОГК-2,,,,,,,,,,,,f,504f387b-f429-464f-886f-4ea319100b1d,
OIL & GAS DEVELOPMENT CORPORATION,OGDC,Oil & Gas Development Co Ltd,,,,,,,,,,,,f,520fb365-d81a-405e-8d74-d62273bb0be7,
OIL INDIA,533106,Oil India Ltd,,,,,,,,,,,,f,9a586918-9f01-4603-aa49-73e8d88d6e37,
OIL REFINERIES,ORL,בתי זקוק לנפט בע''מ,,,,,,,,,,,,f,5032f8e2-0c05-4452-8df8-e8a6204be6c5,
OIL STATES INTERNATIONAL,OIS,Oil States International Inc,,,,,,,,,,,,f,c2813962-f4d4-4b50-a0be-cd1934fc234e,
OKEA,OKEA,Okea ASA,,,,,,,,,,,,f,1af35bdf-9347-4c8b-ae31-dcb7ebd22c0d,
OMV,OMV,OMV AG,,,,,,,,,,,,f,efdb957a-053a-4115-9412-06c4f9a41484,
OMV PETROM,SNP,OMV Petrom SA,,,,,,,,,,,,f,03c11e89-b252-424f-855d-8a8de929efe0,
ONEOK,OKE,ONEOK Inc,,,,,,,,,,,,f,9a710d5a-b147-4f7a-84d5-126334961ca7,
ONGC,500312,Oil & Natural Gas Corp Ltd,,,,,,,,,,,,f,7337b14b-22b6-401c-85eb-4130ee7ce7e4,
OPC ENERGY,OPCE,או.פי.סי אנרגיה בע''מ,,,,,,,,,,,,f,6070cb77-fb44-45b4-88a1-a1f0b63e0fd4,
OQ GAS NETWORK COMPANY,OQGN,OQ Gas Network Company S A O G,,,,,,,,,,,,f,ff0d6eb2-becd-41e3-854c-960253d7303f,
ORGANIZACION TERPEL,TERPEL,Organizacion Terpel SA,,,,,,,,,,,,f,6942727e-3eac-4415-89a7-0f187506e631,
ORIENTAL ENERGY CORPORATION,2221,东华能源股份有限公司,,,,,,,,,,,,f,c9b1c075-8fda-4b39-9224-a6b449170700,
ORIGIN ENERGY,ORG,Origin Energy Ltd,,,,,,,,,,,,f,c538ba72-257f-42c9-af40-a736ae8c139b,
ORLEN,PKN,Orlen SA,,,,,,,,,,,,f,af58ef9c-eb8a-495c-a6ab-0ff5f693b0e8,
OSAKA GAS,9532,大阪瓦斯株式会社,,,,,,,,,,,,f,31c45b7a-8159-4417-9a56-15acd4fc908d,
OVERSEAS SHIPHOLDING GR,OSG,Overseas Shipholding Group Inc,,,,,,,,,,,,f,23ad8143-1085-4014-a602-e139a20b13fb,
OVINTIV,OVV,Ovintiv Inc,,,,,,,,,,,,f,42d57148-4267-4e93-97b3-666ab29192d5,
PADMA OIL CORPORATION,PADMAOIL,Padma Oil Co Ltd,,,,,,,,,,,,f,e231dc4e-5f4a-40c0-a339-d8c739711848,
PAKISTAN OILFIELDS,POL,Pakistan Oilfields Ltd,,,,,,,,,,,,f,289704b9-eb78-4699-ad2c-75951bd06f61,
PAKISTAN PETROLEUM,PPL,Pakistan Petroleum Ltd,,,,,,,,,,,,f,e5f1b4c9-4199-4923-ae3a-208b4555762a,
PAKISTAN REFINERY,PRL,Pakistan Refinery Ltd,,,,,,,,,,,,f,c1e3401f-fcc0-4b2c-a4c1-1913bfecb093,
PAKISTAN STATE OIL CORPORATION,PSO,Pakistan State Oil Co Ltd,,,,,,,,,,,,f,86daf06a-efb8-4067-9ed4-16c27f7fbd27,
PAMPA ENERGIA,PAMP,Pampa Energia SA,,,,,,,,,,,,f,5610d974-d53c-4b63-a270-c081f68dc1c3,
PANAMA PETROCHEM,524820,Panama Petrochem Ltd,,,,,,,,,,,,f,9fe4e863-dacf-4753-b194-dc0122232555,
PANORO ENERGY,PEN,Panoro Energy ASA,,,,,,,,,,,,f,722b1dce-ad5b-4839-8324-320e0bd82ec4,
PANTHEON RESOURCES,PANR,Pantheon Resources PLC,,,,,,,,,,,,f,dbef12b8-8b06-4cf2-a8f4-2eefebfd2783,
PAO SOVCOMFLOT,FLOT,PAO Sovcomflot,,,,,,,,,,,,f,f0b5c73d-460d-4caf-9c27-6e897d8601c9,
PAR PACIFIC HLDGS,PARR,Par Pacific Holdings Inc,,,,,,,,,,,,f,e324b13a-ce6b-4c86-b77b-b5a5a8dee8bb,
PARAMOUNT RESOURCES,POU,Paramount Resources Ltd,,,,,,,,,,,,f,8a15cbe8-81d5-4076-bcd6-9d760cf59c26,
PARDEE RESOURCES CORPORATION,PDER,Pardee Resources Co Inc,,,,,,,,,,,,f,3ad4908d-3338-4662-99ba-e8b525c7986b,
PAREX RESOURCES,PXT,Parex Resources Inc,,,,,,,,,,,,f,f32cfa6e-6504-4f68-b8b4-f38c5a60930d,
PARKER DRILLING,PKDC,Parker Drilling Co,,,,,,,,,,,,f,f065e81c-5581-424d-9dca-16a915ec1a76,
PARKLAND,PKI,Parkland Corp,,,,,,,,,,,,f,ad266f3a-7056-4275-b8f9-36d25cab471f,
PARTNERS GR HOLDING,PGHN,Partners Group Holding AG,,,,,,,,,,,,f,abfd6ea5-cc28-4b91-9ae6-556e79554e50,
PASON SYS,PSI,Pason Systems Inc,,,,,,,,,,,,f,7be6f2c3-4e75-4690-8157-3724c230da3c,
PATRIA INVESTMENTS,PAX,Patria Investments Ltd,,,,,,,,,,,,f,d65e4f70-5cac-4dde-806e-d59c82e04cfa,
PATTERSON-UTI ENERGY,PTEN,Patterson-UTI Energy Inc,,,,,,,,,,,,f,18544f25-e469-4039-9073-94b119954150,
PAZ OIL,PZOL,פז חברת הנפט בע''מ,,,,,,,,,,,,f,e9ff665c-29d9-4aef-be08-09bca154e8a4,
PBF ENERGY,PBF,PBF Energy Inc,,,,,,,,,,,,f,2281bd70-5e51-47e4-ace1-1004771bd160,
PEDEVCO,PED,PEDEVCO Corp,,,,,,,,,,,,f,4c3baf88-a034-4881-a8a2-d05139dc98a1,
PEMBINA PIPELINE,PPL,Pembina Pipeline Corp,,,,,,,,,,,,f,b94ebb7e-5012-47ce-a385-de32aaa592d2,
PERMIAN BASIN ROYALTY,PBT,Permian Basin Royalty Trust,,,,,,,,,,,,f,fd36dd0e-1eee-434f-afe0-75369ef24fb9,
PERMIAN RESOURCES,PR,Permian Resources Corp,,,,,,,,,,,,f,7adfadac-392c-46e8-9717-6c5b0975ea5c,
PERMROCK ROYALTY TRUST,PRT,PermRock Royalty Trust,,,,,,,,,,,,f,d693c3b1-ec5a-4f32-a8bf-7503da919f55,
PETROBRAS BRASILEIRO,PETR3,Petroleo Brasileiro SA Petrobras,,,,,,,,,,,,f,cf39e57d-1055-45a0-9163-24b75dce96da,
PETROCHINA CORPORATION,601857,中国石油天然气股份有限公司,,,,,,,,,,,,f,c1ad6673-5647-4075-8b38-00d243849897,
PETROFAC,PFC,Petrofac Ltd,,,,,,,,,,,,f,1c769d42-0e7b-4e3c-a6d7-8e63457bf520,
PETRON,PCOR,Petron Corp,,,,,,,,,,,,f,baaa4e60-27b9-44d2-b398-736da01488ea,
PETRON MALAYSIA REFINING,3042,Petron Malaysia Refining & Marketing Bhd,,,,,,,,,,,,f,bd52a999-4981-4af5-8fbe-e81872202567,
PETRONAS CHEMICALS GR,5183,Petronas Chemicals Group Bhd,,,,,,,,,,,,f,03164b8b-a3c9-4788-9281-ae89628702d1,
PETRONAS DAGANGAN,5681,Petronas Dagangan Bhd,,,,,,,,,,,,f,da59f614-f33b-4685-8485-c5d538031ce2,
PETRONET LNG,532522,Petronet LNG Ltd,,,,,,,,,,,,f,84cc6ceb-840c-4d89-bb66-e5f983d83516,
PETRONOR E&P,PNOR,PetroNor E&P ASA,,,,,,,,,,,,f,b15df4fb-fb40-41dc-9c81-c26c02585910,
PETRORECONCAVO,RECV3,Petroreconcavo SA,,,,,,,,,,,,f,c6487062-caf0-4d6b-88da-90b1e6bb1397,
PETROTAL,TAL,PetroTal Corp,,,,,,,,,,,,f,41e0d6bf-d4dc-488c-8db6-9a75e99d3bc3,
PETROVIETNAM DRILLING,PVD,Tổng CTCP Khoan và Dịch vụ Khoan Dầu khí,,,,,,,,,,,,f,c4004615-80aa-443b-9985-b0d0d8d8f957,
PETROVIETNAM GAS,GAS,Tổng Công ty Khí Việt Nam,,,,,,,,,,,,f,83cf7da8-bff6-496c-91d7-36d3c88a78a2,
PETROVIETNAM POWER,POW,Tổng Công ty Điện lực Dầu khí Việt Nam - CTCP,,,,,,,,,,,,f,933ca74c-2cf2-4b26-bad0-2a8a18522ca5,
PETROVIETNAM TECHNICAL,PVS,Tổng Công ty Cổ phần Dịch vụ Kỹ thuật Dầu khí Việt Nam,,,,,,,,,,,,f,f0567515-47ff-4039-95b7-1e05026276fa,
PETRUS RESOURCES,PRQ,Petrus Resources Ltd,,,,,,,,,,,,f,cd51ae31-c08a-4fb9-9524-c2648e2b9b97,
PEYTO EXPLORATION & DEV,PEY,Peyto Exploration & Development Corp,,,,,,,,,,,,f,2200b924-7edf-4612-9fe6-dfb13233ebc0,
PGS,PGS,PGS ASA,,,,,,,,,,,,f,cdfeaa63-9cff-47d5-8922-814e0e2eb739,
PHAROS ENERGY,PHAR,Pharos Energy PLC,,,,,,,,,,,,f,9f922473-36d9-4728-9bbd-c9ab556c5060,
PHILLIPS 66,PSX,Phillips 66,,,,,,,,,,,,f,46740d94-68b1-4499-a378-ab0e9d25f7c1,
PHOENIX PETROLEUM,PNX,Phoenix Petroleum Philippines Inc,,,,,,,,,,,,f,812be0c7-54ba-4185-90c6-7a92d7cd919a,
PHX ENERGY SERVICES,PHX,PHX Energy Services Corp,,,,,,,,,,,,f,5175a623-fd56-4c57-b1f4-034ebd5d0ffd,
PHX MINERALS,PHX,PHX Minerals Inc,,,,,,,,,,,,f,fd4e5f3a-e8e8-4a13-b58d-39ffe288a6f4,
PIERIDAE ENERGY,PEA,Pieridae Energy Ltd,,,,,,,,,,,,f,f5e190c7-5398-497f-9224-058d55efb7ad,
PINE CLIFF ENERGY,PNE,Pine Cliff Energy Ltd,,,,,,,,,,,,f,856125ce-beef-4169-9f91-9bc24f4ffade,
PIONEER NATURAL RESOURCES,PXD,Pioneer Natural Resources Co,,,,,,,,,,,,f,1b22638e-140b-44ce-a2b8-c996d6e590a6,
PLAINS ALL AMERICAN,PAA,Plains All American Pipeline LP,,,,,,,,,,,,f,b9690729-22cb-449d-94d9-084d0e3f1efe,
PLAINS GP HOLDINGS,PAGP,Plains GP Holdings LP,,,,,,,,,,,,f,093eb495-bd83-4eb0-a489-ac3e517378b7,
POLSKA GRUPA ENERGETYCZNA,PGE,PGE POLSKA GRUPA ENERGETYCZNA SPÓŁKA AKCYJNA,,,,,,,,,,,,f,f6e63a19-85f9-4c36-a994-a8a746391f8d,
POSCO INTERNATIONAL,47050,(주)포스코인터내셔널,,,,,,,,,,,,f,eb33f174-12cc-4d85-bf23-43336fb02bc9,
POWER ASSETS HOLDINGS,6,電能實業有限公司,,,,,,,,,,,,f,42a47bd2-4430-4196-b6ca-5ae67dd1bed9,
POWER SOLN TECH,PSTC,บริษัท เพาเวอร์ โซลูชั่น เทคโนโลยี จำกัด (มหาชน),,,,,,,,,,,,f,84a1f460-8d30-4eed-b54f-d9644bb25f08,
PRAIRIE PROVIDENT,PPR,Prairie Provident Resources Inc,,,,,,,,,,,,f,2ebe6b97-4384-4505-84f3-fd7394edb223,
PRAIRIESKY ROYALTY,PSK,PrairieSky Royalty Ltd,,,,,,,,,,,,f,ce7f2100-e322-4d88-b13c-dd15275ae986,
PRECISION DRILLING,PD,Precision Drilling Corp,,,,,,,,,,,,f,b03c1e1f-ada8-45ec-851b-76aceeeec5f6,
PRIMA MARINE,PRM,บริษัท พริมา มารีน จำกัด (มหาชน),,,,,,,,,,,,f,38b2b03f-68b4-4ed7-88f8-fdabf9d7cba9,
PRIMEENERGY RESOURCES,PNRG,PrimeEnergy Resources Corp,,,,,,,,,,,,f,dc9ab18e-4054-408b-a26e-9005646b7fd0,
PRIO,PRIO3,PRIO SA,,,,,,,,,,,,f,d4443d3e-2575-4b4b-af86-7c53259d77e1,
PROFIRE ENERGY,PFIE,Profire Energy Inc,,,,,,,,,,,,f,71baf441-bc41-49db-948b-14560a631f52,
PROFRAC HOLDING,ACDC,ProFrac Holding Corp,,,,,,,,,,,,f,0e2e3ccd-3881-4cbd-80b8-28cc4a62329e,
PROPETRO HOLDING,PUMP,ProPetro Holding Corp,,,,,,,,,,,,f,1c1d8780-a86f-416e-920a-32afe51cc668,
PRYCE,PPC,Pryce Corp,,,,,,,,,,,,f,9aedd032-88d4-404b-b30a-45bb1618feb1,
PT ESSA INDUSTRIES,ESSA,PT Essa Industries Indonesia Tbk,,,,,,,,,,,,f,a373c602-4163-4f40-9e5a-535ed5cd43f0,
PTT,PTT,บริษัท ปตท. จำกัด (มหาชน),,,,,,,,,,,,f,bded4d5f-04d9-4a44-86f9-f6aca9f3c798,
PTT E&P,PTTEP,บริษัท ปตท. สำรวจและผลิตปิโตรเลียม จำกัด (มหาชน),,,,,,,,,,,,f,5aa5ebd8-3d2f-4ad2-966f-255dd7c7e12e,
PTT OIL AND RETAIL,OR,บริษัท ปตท. น้ำมันและการค้าปลีก จำกัด (มหาชน),,,,,,,,,,,,f,98e9c1e1-ef12-4d64-bb5d-d577f9c763e2,
PUBLIC POWER CORPORATION,PPC,ΔΗΜΟΣΙΑ ΕΠΙΧΕΙΡΗΣΗ ΗΛΕΚΤΡΙΣΜΟΥ ΑΕ,,,,,,,,,,,,f,bc069a2c-6d3c-4ce7-8177-cb407b36b51a,
PULSE SEISMIC,PSD,Pulse Seismic Inc,,,,,,,,,,,,f,abe103ce-d6e0-45f5-8265-2ab94802100e,
PXP ENERGY,PXP,PXP Energy Corp,,,,,,,,,,,,f,d30c0de8-cf46-468f-a525-71a20d68cb3e,
PYXIS TANKERS,PXS,Pyxis Tankers Inc,,,,,,,,,,,,f,c7ecbe0f-7d35-4d12-988c-d235362c3485,
QATAR ELECTRICITY & WATER,QEWS,Qatar Electricity & Water Co QSC,,,,,,,,,,,,f,29e27513-3415-4a30-afa0-6388c2678fbf,
QATAR FUEL,QFLS,Qatar Fuel QSC,,,,,,,,,,,,f,b42a4234-dfbc-449e-9039-f0672e8f7d12,
QATAR GAS TRANSPORT CORPORATION,QGTS,Qatar Gas Transport Co Ltd (Nakilat) QSC,,,,,,,,,,,,f,d1203f7b-7391-4481-bc27-c683e979208c,
QUESTERRE ENERGY,QEC,Questerre Energy Corp,,,,,,,,,,,,f,ccbd46df-cced-4970-b243-94116631b026,
RABIGH REFINING,2380,شركة رابغ للتكرير والبتروكيماويات,,,,,,,,,,,,f,ddb80456-5ab2-4177-8853-ce5b97ab6327,
RANGE RESOURCES,RRC,Range Resources Corp,,,,,,,,,,,,f,974e25c9-ea33-4996-9608-537ed318d9c4,
RANGER ENERGY SERVICES,RNGR,Ranger Energy Services Inc,,,,,,,,,,,,f,bb02b840-50f6-43e7-92eb-876f05b411a1,
RATCH GROUP,RATCH,บริษัท ราช กรุ๊ป จำกัด (มหาชน),,,,,,,,,,,,f,125b3fc2-6055-436e-befa-aca9b0710df2,
RATIO ENERGIES,RATI,רציו אנרגיות,,,,,,,,,,,,f,06f4db25-6238-4f19-9f18-6f588992f42b,
REABOLD RESOURCES,RBD,Reabold Resources PLC,,,,,,,,,,,,f,efb703d2-181c-445a-9b65-c1d0ae0067e0,
REACH SUBSEA,REACH,Reach Subsea ASA,,,,,,,,,,,,f,2f665f60-906d-4663-87c2-240d86cae55b,
RECON TECHNOLOGY,RCON,研控科技有限公司,,,,,,,,,,,,f,76daa3f2-bdeb-4a99-9075-c712c9ef5827,
RELIANCE INDUSTRIES,RELIANCE,Reliance Industries Ltd,,,,,,,,,,,,f,886a7c77-19f8-4749-9b8e-39adcea23f55,
RELIANCE POWER,532939,Reliance Power Ltd,,,,,,,,,,,,f,3fc4df7c-6ffc-4140-8839-82a7bce238aa,
RENAISSANCE SERVICES,RNSS,Renaissance Services SAOG,,,,,,,,,,,,f,3bdd8601-db5a-49fb-b699-e4d526b68a87,
RENERGEN,REN,Renergen Ltd,,,,,,,,,,,,f,bca8ac22-abab-4ed3-a153-35187a6874ab,
REPSOL,REP,Repsol SA,,,,,,,,,,,,f,43a72928-1249-4d2b-a98f-f8312c37612e,
REX INTL HLDGS,5WH,Rex International Holding Ltd,,,,,,,,,,,,f,d7fb3000-8e39-452a-b0fa-9f31cff19abe,
RH PETROGAS,T13,RH Petrogas Ltd,,,,,,,,,,,,f,696c3ab5-fb08-4d39-a6a7-4ac5c25e1479,
RILEY EXPLORATION PERMIAN,REPX,Riley Exploration Permian Inc,,,,,,,,,,,,f,ec36d916-37de-432f-a3ea-4ab914df97e6,
RING ENERGY,REI,Ring Energy Inc,,,,,,,,,,,,f,2af49c0c-7177-4c34-9c8f-f0a70eb86748,
RIVERSTONE HOLDINGS,AP4,Riverstone Holdings Ltd,,,,,,,,,,,,f,6b48c909-5119-46af-af00-99f51d52ab81,
ROCKHOPPER EXPLORATION,RKH,Rockhopper Exploration PLC,,,,,,,,,,,,f,26604497-a592-449d-b65c-1ff205721a6e,
RONGSHENG PETRO CHEMICAL,2493,荣盛石化股份有限公司,,,,,,,,,,,,f,d5a8ba9b-3164-4714-b461-18aaf3103c1c,
ROSNEFT OIL,ROSN,ОАО НК Роснефть,,,,,,,,,,,,f,3e9c742b-a991-488e-9b64-fa59205aab79,
RPC,RES,RPC Inc,,,,,,,,,,,,f,37e90fd2-dc37-4fc5-834d-705dfc9d721b,
RUBIS,RUI,Rubis SCA,,,,,,,,,,,,f,52c4534d-1ca8-49d3-ad90-2da4e5fffc63,
RUSHYDRO,HYDR,РусГидро ПАО,,,,,,,,,,,,f,e66f8efe-dc99-4586-9b10-7eb8479dc2e7,
RWE,RWE,RWE AG,,,,,,,,,,,,f,4b8e0ce6-a23e-4db9-bffd-fef9d9477d87,
S-OIL,10950,S-Oil(주),,,,,,,,,,,,f,c6e13942-99c3-4651-95bd-97f653bfc672,
S.D. STANDARD ETC,SDSD,S.D. Standard ETC PLC,,,,,,,,,,,,f,6664fb88-ed17-4c54-aef1-4b3f142d1ba3,
SABINE ROYALTY,SBR,Sabine Royalty Trust,,,,,,,,,,,,f,922ec6e5-d716-48a8-99f4-19218cbfe8c6,
SAIBU GAS HOLDINGS,9536,西部ガスホールディングス,,,,,,,,,,,,f,97cde6aa-38af-4086-a17a-0979480195c1,
SAIPEM,SPM,Saipem SpA,,,,,,,,,,,,f,ec1e59c4-de39-4c1d-be89-4ad561b39c89,
SAN JUAN BASIN ROYALTY,SJT,San Juan Basin Royalty Trust,,,,,,,,,,,,f,53e6013d-d4ec-432e-8927-7318cbf5e8b2,
SAN MIGUEL,SMC,San Miguel Corp,,,,,,,,,,,,f,25443c76-84be-430e-961a-99332d879cc0,
SAN-AI OBBLI,8097,三愛オブリ,,,,,,,,,,,,f,c2ae6bc9-43c6-4645-a939-c2f9fa13c0b1,
SANDRIDGE ENERGY,SD,SandRidge Energy Inc,,,,,,,,,,,,f,77a38730-6c44-438f-865f-9582231f88da,
SANTOS,STO,Santos Ltd,,,,,,,,,,,,f,c90885cb-007e-4276-8628-901a071d0682,
SAPURA ENERGY,5218,Sapura Energy Bhd,,,,,,,,,,,,f,dc355462-afa3-40df-a764-ab56e06c3d24,
SARAS,SRS,Saras SpA,,,,,,,,,,,,f,01300107-3be4-4a3a-b62b-4e441c26e521,
SASOL,SOL,Sasol Ltd,,,,,,,,,,,,f,0ec3a9f0-b8d7-455d-a777-d1715848bb8b,
SATURN OIL & GAS,SOIL,Saturn Oil & Gas Inc,,,,,,,,,,,,f,20af86ab-317e-4a6e-8471-a6d1aacade99,
SAUDI ARABIAN OIL,2222,شركة الزيت العربية السعودية,,,,,,,,,,,,f,1d44bf97-aced-4aea-9632-6c5f88725246,
SAUDI ARAMCO BASE OIL,2223,شركة أرامكو السعودية لزيوت الأساس,,,,,,,,,,,,f,610f1053-28bf-4fc0-8580-781214129638,
SAUDI BASIC INDUSTRIES,2010,الشركة السعودية للصناعات الأساسية,,,,,,,,,,,,f,5f078e4b-4e30-4d24-b2a4-df5967a90e1a,
SAUDI ELECTRICITY,5110,الشركة السعودية للكهرباء,,,,,,,,,,,,f,557ab297-af12-46fb-98b9-92f8114c932c,
SAVANNAH ENERGY,SAVE,Savannah Energy PLC,,,,,,,,,,,,f,1f1f321b-6bf1-4842-960e-6c93de890d67,
SBM OFFSHORE,SBMO,SBM Offshore NV,,,,,,,,,,,,f,65383aba-9b99-4c8a-804c-14761c7b3059,
SCHLUMBERGER,SLB,Schlumberger Ltd,,,,,,,,,,,,f,60d20ea5-a1c9-453b-9a6a-07680eb6bac5,
SCHOELLER-BLECKMANN,SBO,Schoeller-Bleckmann Oilfield Equipment AG,,,,,,,,,,,,f,45427137-88bf-4e61-93c9-41ddfbd92ab9,
SCORPIO TANKERS,STNG,Scorpio Tankers Inc,,,,,,,,,,,,f,4474ad5c-aba4-4163-ab07-c9789c019d9a,
SDIC POWER HOLDINGS CORPORATION,600886,国投电力控股股份有限公司,,,,,,,,,,,,f,4de5a64d-7cbb-4e73-91e8-117618f31124,
SEADRILL,SDRL,Seadrill Ltd,,,,,,,,,,,,f,a3a6abdc-9adb-4060-b312-55bd5fa1fbc7,
SEAPEAK,TGP,Seapeak LLC,,,,,,,,,,,,f,19abf5bc-0ba0-4743-8d7a-f24d8611b00b,
SECURE ENERGY SERVICES,SES,Secure Energy Services Inc,,,,,,,,,,,,f,79cce61b-dc27-42fe-88a0-554baa138f6f,
SEMBCORP INDUSTRIES,U96,Sembcorp Industries Ltd,,,,,,,,,,,,f,9ff15266-f39e-4df1-9eb9-09476747f42c,
SEMPRA,SRE,Sempra,,,,,,,,,,,,f,20524d40-71da-415f-81c8-bb236bbb2fd2,
SEPLAT ENERGY,SEPLAT,Seplat Energy PLC,,,,,,,,,,,,f,2cce850f-483c-47ec-8fee-874669e66164,
SERICA ENERGY,SQZ,Serica Energy PLC,,,,,,,,,,,,f,1a9f4c5d-5e85-4ee8-a5d5-2e04b191e279,
SERINUS ENERGY,SENX,Serinus Energy PLC,,,,,,,,,,,,f,b9931328-f33b-49df-95d2-0d8e7aa9a154,
SEVEN GROUP HLDGS,SVW,Seven Group Holdings Ltd,,,,,,,,,,,,f,74a33a00-5a24-4b86-ba20-2b5ba5deccec,
SHAANXI PROVINCIAL,2267,陕西省天然气股份有限公司,,,,,,,,,,,,f,9c9f9e0b-8ce8-4732-abb2-9fa821056edc,
SHANDONG MOLONG PETROLEUM,568,山东墨龙石油机械股份有限公司,,,,,,,,,,,,f,63824843-efa9-4449-9c15-666234849b59,
SHANDONG SHENGLI,407,山东胜利股份有限公司,,,,,,,,,,,,f,11487f8c-c720-4e7d-aec9-e431525a3440,
SHANDONG XINCHAO ENERGY,600777,山东新潮能源股份有限公司,,,,,,,,,,,,f,f98cfdfc-b49d-4978-bd0d-be471a2c42a6,
SHANGHAI LONYER DATE,603003,上海龙宇数据股份有限公司,,,,,,,,,,,,f,e56f466e-6503-4e49-963c-c3a71d955930,
SHANXI BLUE FLAME HOLDING,968,山西蓝焰控股股份有限公司,,,,,,,,,,,,f,09f10822-dd3c-4ebf-ac72-ad42f3f754a8,
SHANXI GUOXIN ENERGY,600617,山西省国新能源股份有限公司,,,,,,,,,,,,f,50945423-9da0-4e8e-8f10-d7b4db71badf,
SHELF DRILLING,SHLF,Shelf Drilling Ltd,,,,,,,,,,,,f,5adcdd83-1ec1-4042-9f01-c95f61dcfa34,
SHELL,SHEL,Shell PLC,,,,,,,,,,,,f,98a77810-5e43-4c0e-80de-d0863f56eb7e,
SHELL PAKISTAN,SHEL,Shell Pakistan Ltd,,,,,,,,,,,,f,97f70960-5908-493b-9b3e-275e891f0efc,
SHELL PILIPINAS,SHLPH,Shell Pilipinas Corp,,,,,,,,,,,,f,71ac67ee-e530-4445-bed1-c9a8334d2e9e,
SHENERGY CORPORATION,600642,申能股份有限公司,,,,,,,,,,,,f,0ff70d01-6a38-413f-9c76-c1f707f30fb2,
SHENZHEN ENERGY GROUP,27,深圳能源集团股份有限公司,,,,,,,,,,,,f,84ef2162-06fc-40ed-97c3-82fdb9dc1afb,
SHENZHEN GAS,601139,深圳市燃气集团股份有限公司,,,,,,,,,,,,f,da322896-ff40-4736-a8da-05ea03fbd149,
SHENZHEN GUANGJU ENERGY,96,深圳市广聚能源股份有限公司,,,,,,,,,,,,f,95bf11e6-fda7-4b13-9f2b-ffb0c15a99f8,
SHENZHEN NEW NANSHAN,2314,深圳市新南山控股(集团)股份有限公司,,,,,,,,,,,,f,f2ea65aa-0083-48cd-b61a-cd7131c0a417,
SHIKUN & BINUI,SKBN,שיכון ובינוי בע''מ,,,,,,,,,,,,f,c9b5dc3f-75f4-4a27-93f2-dcff44d45241,
SIAMGAS,SGP,บริษัท สยามแก๊ส แอนด์ ปิโตรเคมีคัลส์ จำกัด (มหาชน),,,,,,,,,,,,f,fcb9ef39-bfe1-4b54-9ebf-7b64b635ed3d,
SIEM OFFSHORE,SIOFF,Siem Offshore Inc,,,,,,,,,,,,f,3b576222-2a92-4d6c-8a01-ade655973788,
SIEMENS,SIE,Siemens AG,,,,,,,,,,,,f,37420ceb-1a24-4bbb-b803-fea4089c0d81,
SIEMENS ENERGY,ENR,Siemens Energy AG,,,,,,,,,,,,f,d3a1e354-f7d5-4cbc-bc90-1faa260d9ca1,
SILVERBOW RESOURCES,SBOW,SilverBow Resources Inc,,,,,,,,,,,,f,da32a325-3be0-4a61-a645-fe28c811dc63,
SINANEN HLDGS,8132,シナネンホールディングス株式会社,,,,,,,,,,,,f,59e57b61-4aed-4c11-8d94-4e84980f9a87,
SINO GEOPHYSICAL CORPORATION,300191,潜能恒信能源技术股份有限公司,,,,,,,,,,,,f,d4d014d4-f2d4-4e8a-98f7-e0b0a361cb5b,
SINOPEC ENG (GR) CORPORATION,2386,中石化炼化工程（集团）股份有限公司,,,,,,,,,,,,f,a728d238-ed86-4930-b8b6-287e43ce647d,
SINOPEC KANTONS HLDGS,934,中石化冠德控股有限公司,,,,,,,,,,,,f,2b82a133-8965-40e6-9eda-8e370a2903ae,
SINOPEC OILFIELD,852,中石化石油机械股份有限公司,,,,,,,,,,,,f,372e33c0-097f-475e-860a-2df8b08091b2,
SINOPEC OILFIELD SERVICE,600871,中石化石油工程技术服务股份有限公司,,,,,,,,,,,,f,9d802b64-365b-4efe-aa6e-51b72b168011,
SINOPEC SHANGHAI,600688,中国石化上海石油化工股份有限公司,,,,,,,,,,,,f,2c9626c7-d0ef-4904-8e15-40fb07696851,
SINOSTAR PEC HOLDINGS,C9Q,Sinostar Pec Holdings Ltd,,,,,,,,,,,,f,673f61a9-034f-410a-93e4-1114cb707cd3,
SINTANA ENERGY,SEI,Sintana Energy Inc,,,,,,,,,,,,f,f83c7f13-b611-4792-8926-2401e904d58b,
SITIO ROYALTIES,STR,Sitio Royalties Corp,,,,,,,,,,,,f,705eb385-2b02-46da-aa58-8e64a97633b6,
SK,34730,SK(주),,,,,,,,,,,,f,44dfc98e-3ca1-44b6-9a79-ae7e9c742805,
SK DISCOVERY CORPORATION,6120,에스케이디스커버리(주),,,,,,,,,,,,f,92c00776-424c-457e-930c-65561052bace,
SK GAS,18670,SK가스(주),,,,,,,,,,,,f,aaae5759-b078-4269-8aa0-adaaabfab4ba,
SK INNOVATION CORPORATION,96770,SK이노베이션(주),,,,,,,,,,,,f,d8532ca3-da29-494a-aa03-26819de436f6,
SM ENERGY,SM,SM Energy Co,,,,,,,,,,,,f,32578939-929b-4ac1-b874-78e8e1967a11,
SMART SAND,SND,Smart Sand Inc,,,,,,,,,,,,f,7a55a13a-d283-4300-a899-842162828385,
SNAM,SRG,Snam SpA,,,,,,,,,,,,f,4fe1418b-eae6-4858-b5d6-90406c649a04,
SNGN ROMGAZ,SNG,SNGN Romgaz SA,,,,,,,,,,,,f,93f95ef3-f064-4fbc-816c-62dcddbee469,
SNTGN TRANSGAZ,TGN,SNTGN Transgaz SA,,,,,,,,,,,,f,62145d16-b717-4cc7-8c58-b5938f9a586e,
SOJITZ,2768,双日株式会社,,,,,,,,,,,,f,52a85003-ab12-4bd4-b157-07e2f2023a19,
SOLARIS OILFIELD INFRA,SOI,Solaris Oilfield Infrastructure Inc,,,,,,,,,,,,f,617ce6ca-675a-430e-9a31-9be1c1c367d9,
SOURCE ENERGY SERVICES,SHLE,Source Energy Services Ltd,,,,,,,,,,,,f,e214b4b4-7938-4773-b49a-6e7d7c011309,
SOURCE ROCK ROYALTIES,SRR,Source Rock Royalties Ltd,,,,,,,,,,,,f,0dbfba3b-a0d1-4721-8002-5bbb88c839a9,
SOUTHERN,SO,Southern Co,,,,,,,,,,,,f,78806e0b-98e6-4dc1-87c4-76cab2222c55,
SOUTHWESTERN ENERGY,SWN,Southwestern Energy Co,,,,,,,,,,,,f,94c18da6-2c5b-46f4-9163-aebf54039eaa,
SPARTAN DELTA,SDE,Spartan Delta Corp,,,,,,,,,,,,f,fe2a4b43-7017-412a-b36a-49202a9bb818,
SPT ENERGY GROUP,1251,华油能源集团有限公司,,,,,,,,,,,,f,1689bd54-1bf1-4fe2-90ec-e3dc38cb3253,
SSE,SSE,SSE PLC,,,,,,,,,,,,f,a8273304-4ff5-404e-8479-db133bea4839,
STABILIS SOLUTIONS,SLNG,Stabilis Solutions Inc,,,,,,,,,,,,f,f3cb2643-23c8-49b2-948e-610b7bda79b2,
STAR GROUP,SGU,Star Group LP,,,,,,,,,,,,f,b71638ca-0360-4c1d-8a52-395e14830c4d,
STAR PETROLEUM REFINING,SPRC,บริษัท สตาร์ ปิโตรเลียม รีไฟน์นิ่ง จำกัด (มหาชน),,,,,,,,,,,,f,55f14d4c-ee62-4797-82e5-066dd68827c9,
STEP ENERGY SERVICES,STEP,STEP Energy Services Ltd,,,,,,,,,,,,f,1ea04aa9-a423-4f51-a2bc-9aafc015bda7,
STRATHCONA RESOURCES,SCR,Strathcona Resources Ltd,,,,,,,,,,,,f,13b1f9e7-79a3-4dba-84fc-01314ab2a103,
STRIKE ENERGY,STX,Strike Energy Ltd,,,,,,,,,,,,f,51189e57-eded-4f90-b1b9-0beceaefce4c,
SUBSEA 7,SUBC,Subsea 7 SA,,,,,,,,,,,,f,40d3482d-8173-42bb-818b-2f1ba91279bc,
SUGIH ENERGY,SUGI,PT Sugih Energy Tbk,,,,,,,,,,,,f,b6cfed5c-5150-4075-9246-2f3a974719b3,
SUI NORTHERN GAS PIPELINE,SNGP,Sui Northern Gas Pipelines Ltd,,,,,,,,,,,,f,4d2326a8-872a-4c48-bb33-94a3470d0182,
SUMITOMO,8053,住友商事株式会社,,,,,,,,,,,,f,b9cc7ffc-700d-4c2f-b6ae-cee0386bff10,
SUMMIT MIDSTREAM PARTNERS,SMLP,Summit Midstream Partners LP,,,,,,,,,,,,f,dd02e2ee-0393-4154-a664-618ce740d1cd,
SUNCOR ENERGY,SU,Suncor Energy Inc,,,,,,,,,,,,f,255649cb-ce76-4c46-98bc-a9ddb3aeedf9,
SUNOCO,SUN,Sunoco LP,,,,,,,,,,,,f,1f63847e-b635-4836-a5fe-c13af56efdb3,
SUPERIOR DRILLING PRODS,SDPI,Superior Drilling Products Inc,,,,,,,,,,,,f,8e830551-d41c-4a8c-9c06-3b8eec249590,
SURGE ENERGY,SGY,Surge Energy Inc,,,,,,,,,,,,f,7a6c73ce-6d3a-4a43-a992-b4e029d3e1db,
SURGUTNEFTEGAS,SNGS,Сургутнефтегаз ОАО,,,,,,,,,,,,f,fcc110df-8c28-4308-a02c-3143e00055d0,
SUSCO,SUSCO,บริษัท ซัสโก้ จำกัด (มหาชน),,,,,,,,,,,,f,eee91628-58b5-48bf-82ac-6266dd6b0d1b,
SUZHOU DOUSON DRILLING,603800,苏州道森钻采设备股份有限公司,,,,,,,,,,,,f,fcf22cfc-7656-45c5-9ad2-8c600f24a31e,
SWAN ENERGY,503310,Swan Energy Ltd,,,,,,,,,,,,f,a4b2d227-5e12-4225-92fd-e7b8c1c02a2e,
TAIWAN COGENERATION,8926,台灣汽電共生股份有限公司,,,,,,,,,,,,f,1265c225-ab02-453b-b8a6-5db1ffeabf94,
TALEN ENERGY,TLNE,Talen Energy Corp,,,,,,,,,,,,f,18abab33-6211-4a41-8cc6-9491618c0971,
TALOS ENERGY,TALO,Talos Energy Inc,,,,,,,,,,,,f,8867880a-87f4-48ba-9781-4400273ed000,
TAMAR PETROLEUM,TMRP,"תמר פטרוליום בע""מ",,,,,,,,,,,,f,342516e2-beb2-4e47-a6c5-53cc540b886f,
TAMARACK VALLEY ENERGY,TVE,Tamarack Valley Energy Ltd,,,,,,,,,,,,f,78276aa4-c688-42de-a309-408865f76ad6,
TARGA RESOURCES,TRGP,Targa Resources Corp,,,,,,,,,,,,f,fd7759ae-681d-4eaf-9db9-a0bae16943e4,
TATNEFT,TATNP,ПАО Татнефть,,,,,,,,,,,,f,5885b3b2-2568-4fff-b6b4-48eaf284efe0,
TC ENERGY,TRP,TC Energy Corp,,,,,,,,,,,,f,63b3fc2c-3a7f-47d1-ad33-fac74e0b4d0f,
TECHNIP ENERGIES,TE,Technip Energies NV,,,,,,,,,,,,f,6e9d0100-3705-4097-b401-57472ad86c47,
TECHNIPFMC,FTI,TechnipFMC PLC,,,,,,,,,,,,f,71f43f59-0836-4fed-90d9-249fa640e6f4,
TECK RESOURCES,TECK.B,Teck Resources Ltd,,,,,,,,,,,,f,18fd1731-948d-480d-a28b-030fa1b91a9c,
TEEKAY,TK,Teekay Corp,,,,,,,,,,,,f,d57d78c5-ffc2-4668-a2d9-2d8c4837b3ac,
TEEKAY TANKERS,TNK,Teekay Tankers Ltd,,,,,,,,,,,,f,ba1a9c56-3710-4d87-bb76-e7d536247599,
TELLURIAN,TELL,Tellurian Inc,,,,,,,,,,,,f,ca8eddf7-e9f2-4a16-9780-24ae194b4100,
TENAGA NASIONAL,5347,Tenaga Nasional Bhd,,,,,,,,,,,,f,53aad7d8-9329-4627-b3ea-98f2f36c0bc5,
TENARIS,TEN,Tenaris SA,,,,,,,,,,,,f,eb7a55aa-f1e1-4501-b233-2f6b3ccd87b2,
TERRAVEST INDUSTRIES,TVK,TerraVest Industries Inc,,,,,,,,,,,,f,632a71c7-670f-4a15-8bc6-d75b206ed408,
TESSENDERLO GROUP,TESB,Tessenderlo Group NV,,,,,,,,,,,,f,1b42f620-40ae-4eb0-9479-9d5ec2560248,
TETHYS OIL,TETY,Tethys Oil AB,,,,,,,,,,,,f,041f24e7-4747-4c21-a19b-31990d347e35,
TETRA TECHNOLOGIES,TTI,Tetra Technologies Inc,,,,,,,,,,,,f,70be60ad-2dbf-41e5-88c7-194c51f66c7e,
TEXAS PACIFIC LAND,TPL,Texas Pacific Land Corp,,,,,,,,,,,,f,4935ae54-1c18-46b8-8c09-570aed8748cd,
TGS,TGS,TGS ASA,,,,,,,,,,,,f,a5fabf18-2d11-406c-ad2f-8e58fe59dd51,
THAI OIL,TOP,บริษัท ไทยออยล์ จำกัด (มหาชน),,,,,,,,,,,,f,3ccc501d-ef1b-4663-bf89-8ae0744e786b,
THE LEADCORP,12700,(주)리드코프,,,,,,,,,,,,f,67383c24-e3b5-4713-89a0-94fbfe231637,
TIDEWATER,TDW,Tidewater Inc,,,,,,,,,,,,f,e72c61ff-daba-4055-b86b-247abdd00429,
TIDEWATER MIDSTREAM,TWM,Tidewater Midstream and Infrastructure Ltd,,,,,,,,,,,,f,0372eb17-010e-4c0e-8e3f-3713364f61e9,
TOKYO ELECTRIC POWER,9501,東京電力ホールディングス株式会社,,,,,,,,,,,,f,6be54940-d3ff-4376-98ae-4dd557eede30,
TOKYO GAS CORPORATION,9531,東京瓦斯株式会社,,,,,,,,,,,,f,eb478bcb-a886-4eda-a876-db37f063e59d,
TONGKUN GROUP CORPORATION,601233,桐昆集团股份有限公司,,,,,,,,,,,,f,25255350-65cd-4461-a879-87f9cc1cb04a,
TOP FRONTIER INVESTMENT,TFHI,Top Frontier Investment Holdings Inc,,,,,,,,,,,,f,f3f1e431-45d3-46a8-b802-657a630fcc4b,
TOPAZ ENERGY,TPZ,Topaz Energy Corp,,,,,,,,,,,,f,1b119d4f-5e3b-4f4e-aa41-49ae11417969,
TORM,TRMD A,TORM PLC,,,,,,,,,,,,f,40c0852b-bc84-4c45-b019-fe93a56540d3,
TOTAL ENERGIES MARKETING,TMA,Total Energies Marketing Maroc,,,,,,,,,,,,f,442dd092-c741-476b-a6b4-96308fcf877f,
TOTAL ENERGY SERVICES,TOT,Total Energy Services Inc,,,,,,,,,,,,f,0793a75b-210f-40ea-b08f-6823a20dff47,
TOTALENERGIES,TTE,TotalEnergies SE,,,,,,,,,,,,f,924b8634-49a5-4cfa-8065-9a4a8adb0d8f,
TOTALENERGIES EP GABON,EC,TotalEnergies EP Gabon,,,,,,,,,,,,f,12472186-1080-4531-954f-ea91754e0fd8,
TOUCHSTONE EXPLORATION,TXP,Touchstone Exploration Inc,,,,,,,,,,,,f,bb7a42b7-9bd9-494f-b37d-f86c24051895,
TOURMALINE OIL,TOU,Tourmaline Oil Corp,,,,,,,,,,,,f,c586434a-a72a-4d92-a392-8a465be9101b,
TRANSNEFT,TRNFP,Transneft PJSC,,,,,,,,,,,,f,07594dc3-81c6-4c8a-af5e-b882bf89928c,
TRANSOCEAN,RIG,Transocean Ltd,,,,,,,,,,,,f,250f61a8-1b48-4b1a-b6bc-6fb37a9542fa,
TRANSPORTADORA DE GAS,TGSU2,Transportadora de Gas del Sur SA,,,,,,,,,,,,f,e56b90b5-82d4-4f22-8a3e-8df13acd2067,
TRICAN WELL SERVICE,TCW,Trican Well Service Ltd,,,,,,,,,,,,f,27743d12-d9bd-43eb-95eb-23accc49e077,
TRIO PETROLEUM,TPET,Trio Petroleum Corp,,,,,,,,,,,,f,3e04e915-3759-45fc-be4c-4bbffd64455e,
TSAKOS ENERGY NAVIGATION,TNP,Tsakos Energy Navigation Ltd,,,,,,,,,,,,f,415ccc08-2b13-44a8-bf7c-a47fe47d554a,
TULLOW OIL,TLW,Tullow Oil PLC,,,,,,,,,,,,f,0109131d-245c-46d4-bccc-4c718420692a,
TUPRAS-TURKIYE PETROL,TUPRS,TÜPRAŞ-TÜRKİYE PETROL RAFİNERİLERİ A.Ş,,,,,,,,,,,,f,12d62e9f-29fc-4264-9fce-30d272742e3e,
TXO PARTNERS,TXO,TXO Partners LP,,,,,,,,,,,,f,9682a439-b8e8-48b8-a4c1-c43828753d9c,
ULTRAPAR PARTICIPACOES,UGPA3,Ultrapar Participacoes SA,,,,,,,,,,,,f,0c782297-7e86-4b4e-b135-f115e8de3183,
UNIQUE HOTEL & RESORTS,UNIQUEHRL,Unique Hotel & Resorts PLC,,,,,,,,,,,,f,c5e5cf93-82b1-487a-b3d3-6c9906eb92eb,
UNIT,UNTC,Unit Corp,,,,,,,,,,,,f,000fac69-97ad-44c5-b7c0-e099e6c7b23f,
UNITED ENERGY GROUP,467,United Energy Group Ltd,,,,,,,,,,,,f,9afebe01-dacd-4b86-9888-fd446a51e5a2,
UNITED STRENGTH POWER,2337,众诚能源控股有限公司,,,,,,,,,,,,f,c1a03d77-63e8-43be-944f-2240116702e3,
US ENERGY,USEG,US Energy Corp,,,,,,,,,,,,f,337d229e-be02-4020-93f1-9a4c33da470b,
US SILICA HOLDINGS,SLCA,US Silica Holdings Inc,,,,,,,,,,,,f,cc1a357f-b206-4e69-ae4d-4d1814182c97,
USA COMPRESSION PARTNERS,USAC,USA Compression Partners LP,,,,,,,,,,,,f,623904db-72df-4fff-b399-28fab5ff4271,
UZMA,7250,Uzma Bhd,,,,,,,,,,,,f,9dc9e818-f66d-463a-85e2-d226c303e082,
VAALCO ENERGY,EGY,VAALCO Energy Inc,,,,,,,,,,,,f,6e0accf8-b0d1-460e-98f1-d6da9f65d26e,
VALARIS,VAL,Valaris Ltd,,,,,,,,,,,,f,1d1ce358-2829-4acc-8c2c-e2b8ca99e992,
VALE,VALE3,Vale SA,,,,,,,,,,,,f,a1911a09-46ec-4560-91d2-f1d2976fed11,
VALERO ENERGY,VLO,Valero Energy Corp,,,,,,,,,,,,f,177bb8c3-752a-4e46-99db-b7e6df44dd1f,
VALEURA ENERGY,VLE,Valeura Energy Inc,,,,,,,,,,,,f,5342b666-26ba-4f7f-a0ac-f974fbf96b8e,
VALLOUREC,VK,Vallourec SA,,,,,,,,,,,,f,8ed964e3-61a0-4587-a291-791e6c64ac30,
VALVOLINE,VVV,Valvoline Inc,,,,,,,,,,,,f,5f0dd387-ec5d-4494-8a6b-bed2dedf291b,
VANTAGE DRILLING INTL,VTDRF,Vantage Drilling International,,,,,,,,,,,,f,b4b15946-c28c-40be-91a7-88296fd10e21,
VAR ENERGI,VARo,Var Energi ASA,,,,,,,,,,,,f,bbded2e6-1aaf-415e-af12-0db9cfa4b30f,
VELESTO ENERGY,5243,Velesto Energy Bhd,,,,,,,,,,,,f,486a4591-2aa9-496c-9e64-a0a452ac3603,
VERMILION ENERGY,VET,Vermilion Energy Inc,,,,,,,,,,,,f,a7f87a42-9876-454c-b2bd-fe8fab8926cd,
VERTEX ENERGY,VTNR,Vertex Energy Inc,,,,,,,,,,,,f,bce1c98f-996f-4c34-b63c-2eecf3be51c4,
VIETNAM NATIONAL,PLX,Tập đoàn Xăng dầu Việt Nam,,,,,,,,,,,,f,42a809e8-0e40-4957-afcd-e2f9dc59bee5,
VIPER ENERGY,VNOM,Viper Energy Inc,,,,,,,,,,,,f,65e08ee4-6f69-41de-842c-d00884d07ef0,
VISTA ENERGY,VISTAA,Vista Energy SAB de CV,,,,,,,,,,,,f,9b9f1b3a-f1bc-44e0-aa08-ffcfea1b283c,
VITAL ENERGY,VTLE,Vital Energy,,,,,,,,,,,,f,ac4e8bda-c239-4afd-9d5d-0c581bf458bd,
VITESSE ENERGY,VTS,Vitesse Energy Inc,,,,,,,,,,,,f,0d5f504f-ed5c-40fa-af23-f6e05e0be649,
VIVA ENERGY GROUP,VEA,Viva Energy Group Ltd,,,,,,,,,,,,f,6aa717ed-e36a-4455-8fcf-e0f2aa8fdba7,
VIVAKOR,VIVK,Vivakor Inc,,,,,,,,,,,,f,22556325-ff8a-4dc4-a175-c0f16bdcfc11,
VOC ENERGY,VOC,VOC Energy Trust,,,,,,,,,,,,f,e79c3cfe-8a31-490a-9f30-c3475371af1e,
W&T OFFSHORE,WTI,W&T Offshore Inc,,,,,,,,,,,,f,4aeb0920-cc25-4dd5-b614-08490078e906,
WASCO,5142,Wasco Bhd,,,,,,,,,,,,f,284fca3c-17ae-45f3-9375-caeae142db3f,
WEATHERFORD INTERNATIONAL,WFRD,Weatherford International PLC,,,,,,,,,,,,f,77acdaf7-d80c-457c-832f-3d1d3cadaad9,
WESTCORE ENERGY,WTR.H,Westcore Energy Ltd,,,,,,,,,,,,f,c464d90f-5b5d-4900-95a5-d1bcb53fd2a0,
WESTERN MIDSTREAM,WES,Western Midstream Partners LP,,,,,,,,,,,,f,d12c8be8-8bfa-45bf-ab2d-f29858831424,
WHITECAP RES,WCP,Whitecap Resources Inc,,,,,,,,,,,,f,f8e2be79-1675-4329-877f-74d298e291d6,
WILLIAMS COMPANIES,WMB,Williams Companies Inc,,,,,,,,,,,,f,224621e5-abce-49bf-abfc-4f8981912097,
WOODSIDE ENERGY GROUP,WDS,Woodside Energy Group Ltd,,,,,,,,,,,,f,9e904c5f-70c6-4bfa-98c0-4709f2010819,
WORLD KINECT,WKC,World Kinect Corp,,,,,,,,,,,,f,1d793971-b905-4b10-9462-19e6a06f7779,
WORLEY,WOR,Worley Ltd,,,,,,,,,,,,f,4d15820b-c642-463a-b1ff-3344ffe37a12,
WUXI HUAGUANG ENVIRONMENT,600475,无锡华光环保能源集团股份有限公司,,,,,,,,,,,,f,706a83c5-8d46-4cbc-a4f1-1897b7328e97,
XCEL ENERGY,XEL,Xcel Energy Inc,,,,,,,,,,,,f,6175e6ff-caa4-4c70-8d50-066bd41352e6,
YANCHANG PTRL INTL,346,延长石油国际有限公司,,,,,,,,,,,,f,2a684248-208c-4d9a-bf41-ceb391b6a204,
YANGARRA RESOURCES,YGR,Yangarra Resources Ltd,,,,,,,,,,,,f,ce9adb8f-7591-4905-9a00-83d309663f5d,
YANGZIJIANG SHIPBUILDING,BS6,Yangzijiang Shipbuilding (Holdings) Ltd,,,,,,,,,,,,f,04b366e1-2f33-463e-950d-46b11f44cb02,
YANTAI JEREH OILFIELD,2353,烟台杰瑞石油服务集团股份有限公司,,,,,,,,,,,,f,3b30ad53-0863-495b-aafb-d793ae1183e6,
YINSON HOLDINGS,7293,Yinson Holdings Bhd,,,,,,,,,,,,f,e9335e5c-8025-4698-be5a-c372bc3768c4,
YPF,YPFD,YPF SA,,,,,,,,,,,,f,51a5fa46-ac0c-41db-961a-e116cb4ef6f9,
YUNNAN ENERGY INVESTMENT,2053,云南能源投资股份有限公司,,,,,,,,,,,,f,ef1c1e89-755d-438a-b09a-0b6aa4bc6f5d,
ZE PAK,ZEP,Ze Pak SA,,,,,,,,,,,,f,549f8430-e264-459d-b06f-d89464a7eb43,
ZHONGMAN PETROLEUM,603619,中曼石油天然气集团股份有限公司,,,,,,,,,,,,f,4076c601-b896-41cd-b30a-761eca6f601e,
ZHUHAI PORT,507,珠海港股份有限公司,,,,,,,,,,,,f,62352fdb-3516-4ab6-82ee-b9343d4c63b8,
ABM INVESTAMA,ABMM,PT ABM Investama Tbk,,,,,,,,,,,,f,5e06292f-f1be-43ff-afc7-8085ae15d0c5,
ABOITIZ EQUITY VENTURES,AEV,Aboitiz Equity Ventures Inc,,,,,,,,,,,,f,1850564b-24c3-4a89-846d-c800b9aae154,
ABOITIZ POWER,AP,Aboitiz Power Corp,,,,,,,,,,,,f,8dd32c30-7a00-449b-856c-b1f4d0d4624b,
ADANI ENERGY SOLUTIONS,539254,Adani Energy Solutions Ltd,,,,,,,,,,,,f,4ce2dc76-a2d6-4f4b-b5cc-2878460e8c07,
ADANI ENTERPRISES,512599,Adani Enterprises Ltd,,,,,,,,,,,,f,c3048083-c5a6-4e70-bab4-8dc57b60a457,
ADANI POWER,533096,Adani Power Ltd,,,,,,,,,,,,f,978ee77c-3250-46d4-a827-4a05e2bac359,
ADARO ENERGY INDONESIA,ADRO,PT Adaro Energy Indonesia Tbk,,,,,,,,,,,,f,9573f2d4-b1bd-4a4f-a171-228e462e784e,
ADARO MINERALS INDONESIA,ADMR,PT Adaro Minerals Indonesia Tbk,,,,,,,,,,,,f,b1126bd6-7599-4e7c-af2a-d5ebd87c77b4,
AFRICAN RAINBOW MINERALS,ARI,African Rainbow Minerals Ltd,,,,,,,,,,,,f,2ebf72ab-140c-4eae-8478-51d80213e5a5,
ALLIANCE RES PARTNERS,ARLP,Alliance Resource Partners LP,,,,,,,,,,,,f,8a3de1f4-fbfb-4b9d-a8a6-480f8d661b6d,
ALLIANT ENERGY,LNT,Alliant Energy Corp,,,,,,,,,,,,f,0e902d5e-b27f-41b1-b5af-c1d532018f83,
ALPHA METALLURGICAL,AMR,Alpha Metallurgical Resources Inc,,,,,,,,,,,,f,8defff3b-2eb4-4299-b4c4-a898f1ff55e1,
ALTINYAG KOMBINALARI,ALMAD,ALTINYAĞ KOMBİNALARI A.Ş.,,,,,,,,,,,,f,4fb406be-db2e-419f-8a2d-901c2408d09f,
ALUMINUM CORPORATION OF CHINA,601600,中国铝业股份有限公司,,,,,,,,,,,,f,a5e84bcf-fff0-49fb-90b7-ae61c89f2e54,
AMBUJA CEMENTS,500425,Ambuja Cements Ltd,,,,,,,,,,,,f,7d06cc1e-8cde-499b-825c-654582076ff2,
AMEREN,AEE,Ameren Corp,,,,,,,,,,,,f,9d1ccfc8-a899-4156-9792-30e9dd7db62e,
AMERICAN RES,AREC,American Resources Corp,,,,,,,,,,,,f,f93d3c42-88f8-458e-b4ad-344336c22ce8,
AN HUI WENERGY,543,安徽省皖能股份有限公司,,,,,,,,,,,,f,565f3041-93bc-4bff-83df-53231b6d5a9f,
ANGLO AMERICAN,AAL,Anglo American PLC,,,,,,,,,,,,f,ad03adc5-824e-4884-92b3-a8aad143f556,
ANHUI HENGYUAN COAL,600971,安徽恒源煤电股份有限公司,,,,,,,,,,,,f,bbff3b3e-84be-456a-ac62-cc7b7886f9fe,
APSEZ,532921,Adani Ports & Special Economic Zone Ltd,,,,,,,,,,,,f,eca4306a-ed72-4b1c-996b-7233b02001f8,
ARCH RESOURCES,ARCH,Arch Resources Inc,,,,,,,,,,,,f,4852ddeb-8999-4c56-b64a-7afb84ff6d73,
ASIA GREEN ENERGY,AGE,บริษัท เอเชีย กรีน เอนเนอจี จำกัด (มหาชน),,,,,,,,,,,,f,3bb9ac28-cb0e-4f7b-a673-4be7b94ba7e0,
ASTRA INTERNATIONAL,ASII,PT Astra International Tbk,,,,,,,,,,,,f,e1f3fa1d-3802-4c22-9f63-07793daab704,
ASTRINDO NUSANTARA,BIPI,PT Astrindo Nusantara Infrastruktur Tbk,,,,,,,,,,,,f,7e0a40ce-7ce8-47e9-9c58-096fd86b55e7,
AURIZON HOLDINGS,AZJ,Aurizon Holdings Ltd,,,,,,,,,,,,f,ce39fb70-2c74-489e-af2c-b91adf52422d,
AVISTA,AVA,Avista Corp,,,,,,,,,,,,f,df1aad99-c763-4ae9-b221-e5988272f05a,
BAJAJ HINDUSTHAN SUGAR,500032,Bajaj Hindusthan Sugar Ltd,,,,,,,,,,,,f,a17ca260-7c99-4223-91f7-c151a2a6a815,
BANPU,BANPU,บริษัท บ้านปู จำกัด (มหาชน),,,,,,,,,,,,f,d196fec1-7089-4b44-b617-bb33de275423,
BANPU POWER,BPP,บริษัท บ้านปู เพาเวอร์ จำกัด (มหาชน),,,,,,,,,,,,f,df9d48c5-037a-4452-adc5-4519e5a6d25e,
BAOTAILONG NEW MATERIALS,601011,宝泰隆新材料股份有限公司,,,,,,,,,,,,f,2a7cbd96-e097-4080-b3f7-81ef7da9d164,
BARAMULTI SUKSESSARANA,BSSR,PT Baramulti Suksessarana Tbk,,,,,,,,,,,,f,3d10d175-2330-48a2-b6a2-dc167d82bda1,
BATHURST RESOURCES,BRL,Bathurst Resources Ltd,,,,,,,,,,,,f,f84db64a-a4f2-46fc-8e23-a48b9ceb2c6f,
BAYAN RESOURCES,BYAN,PT Bayan Resources Tbk,,,,,,,,,,,,f,5ba6eb8e-a1e9-4768-a656-f65c03a5e6c8,
BEIJING HAOHUA ENERGY,601101,北京昊华能源股份有限公司,,,,,,,,,,,,f,d677e75e-3126-4ced-bc38-9e0a1ed5637c,
BEIJING JINGNENG POWER,600578,北京京能电力股份有限公司,,,,,,,,,,,,f,1027b564-385e-4cdb-b126-bf748024037c,
BHARAT HEAVY ELECTRICALS,500103,Bharat Heavy Electricals Ltd,,,,,,,,,,,,f,d0ac5147-0eb8-4114-9859-0ba8ae8e78a4,
BLACK HILLS,BKH,Black Hills Corp,,,,,,,,,,,,f,2a9f1fd8-a8f0-4ab3-94b5-a61d99ae1ef8,
BOWEN COKING COAL,BCB,Bowen Coking Coal Ltd,,,,,,,,,,,,f,43315c89-4c41-47e2-b637-aefb7fda4603,
BUKIT ASAM,PTBA,PT Bukit Asam Tbk,,,,,,,,,,,,f,5b3b8818-60b7-41dc-8f7d-889486558a73,
BUMECH,BMC,Bumech S.A.,,,,,,,,,,,,f,7e0aaa17-4326-4d16-82ee-03ccba966194,
BUMI RESOURCES,BUMI,PT Bumi Resources Tbk,,,,,,,,,,,,f,87ba3c7a-4be9-4f20-a374-805d0419d22e,
CAN2 TERMIK,CANTE,CAN2 Termik AS,,,,,,,,,,,,f,a8bffa0d-e090-4261-a9c5-888870e4e898,
CCS SUPPLY CHAIN,600180,瑞茂通供应链管理股份有限公司,,,,,,,,,,,,f,bd255908-d3a5-4554-8a66-8bd7d13aaca4,
CESC,500084,CESC Ltd,,,,,,,,,,,,f,8a4318b5-a035-4fa3-b640-c2a05d8fad82,
CHINA CAMC ENGINEERING,2051,中工国际工程股份有限公司,,,,,,,,,,,,f,7e7ba494-7326-4e1b-a806-01877573954e,
CHINA COAL ENERGY,1898,中国中煤能源股份有限公司,,,,,,,,,,,,f,2015d304-48aa-4d3d-99e3-be2197754303,
CHINA COAL XINJI ENERGY,601918,中煤新集能源股份有限公司,,,,,,,,,,,,f,2f80523b-b64b-499a-8c76-080c8e6a0cc6,
CHINA DAYE NON-FERROUS,661,中国大冶有色金属矿业有限公司,,,,,,,,,,,,f,45158415-ce3a-4b5f-b83b-98e0e2c7c330,
CHINA LEON INSPECTION,1586,中国力鸿检验控股有限公司,,,,,,,,,,,,f,309de418-9d32-44e2-9c67-5ee93c970853,
CHINA NATURAL RESOURCES,CHNR,中国天然资源有限公司,,,,,,,,,,,,f,d9c84e6b-8c1d-4e37-a4de-effa4da82acf,
CHINA POWER INTL DEV,2380,中國電力國際發展有限公司,,,,,,,,,,,,f,4f7a2355-cfa2-41a1-86c9-b0deb4948c4a,
CHINA SHENHUA ENERGY,601088,中国神华能源股份有限公司,,,,,,,,,,,,f,df839ef3-beca-48ed-a566-b73c9ac0e3df,
CHINA XLX FERTILISER,1866,China XLX Fertiliser Ltd,,,,,,,,,,,,f,cbfde7a5-a300-4f37-9255-78e52c79522e,
CHN ENERGY CHANGYUAN,966,国电长源电力股份有限公司,,,,,,,,,,,,f,1d48150b-af74-43b2-8701-7493c94562f0,
CHUGOKU ELECTRIC POWER,9504,中国電力株式会社,,,,,,,,,,,,f,0e578c2b-da68-4ed4-9e3f-f09e07b0d2ee,
CIKARANG LISTRINDO,POWR,PT Cikarang Listrindo Tbk,,,,,,,,,,,,f,4b278fa7-6c56-4269-9dc6-ba339700ff01,
CITIC,267,中國中信股份有限公司,,,,,,,,,,,,f,39220ba6-1199-4cc4-a2b0-032ec240fada,
COAL INDIA,COALINDIA,Coal India Ltd,,,,,,,,,,,,f,ef038b45-e2ab-404b-8ee2-bf0617fd28c2,
COLBUN,COLBUN,Colbun SA,,,,,,,,,,,,f,d944224b-929d-4840-821b-64448e2b9d23,
COLONIAL COAL INTL,CAD,Colonial Coal International Corp,,,,,,,,,,,,f,def9f5d9-1ebd-4c87-b95c-ce2cde087069,
CONSOL ENERGY,CEIX,CONSOL Energy Inc,,,,,,,,,,,,f,e8ddf252-64ef-49f9-85e3-fa42a2518997,
CONTANGO HOLDINGS,CGO,Contango Holdings PLC,,,,,,,,,,,,f,2c2cfd60-72dd-4318-a304-f891d7f251fc,
CORONADO GLOBAL RESOURCES,CRN.XA,Coronado Global Resources Inc,,,,,,,,,,,,f,2ff92eec-4379-46f4-a79e-40be54de650a,
CSX,CSX,CSX Corp,,,,,,,,,,,,f,5eca83df-c090-46cd-8d54-5071df7a3ad8,
DALMIA BHARAT,542216,Dalmia Bharat Ltd,,,,,,,,,,,,f,149d3c2e-ecb5-4d91-99a3-81861eb9a088,
DAQIN RAILWAY CORPORATION,601006,大秦铁路股份有限公司,,,,,,,,,,,,f,1ba19626-5856-42d7-9b5e-b99f3d902cd4,
DATANG HUAYIN ELECTRIC,600744,大唐华银电力股份有限公司,,,,,,,,,,,,f,2606442f-44e9-4d97-b785-acf40174c18f,
DELTA DUNIA MAKMUR,DOID,PT Delta Dunia Makmur Tbk,,,,,,,,,,,,f,025db04f-81ce-405d-b748-b1de1cdbc653,
DMCI HOLDINGS,DMC,DMCI Holdings Inc,,,,,,,,,,,,f,fcdc2c17-57be-4195-966f-667d14aa5738,
DONGFANG ELECTRIC CORPORATION,600875,东方电气股份有限公司,,,,,,,,,,,,f,73bfefe2-6292-4fc4-bea4-b51c562ca11f,
DOOSAN ENERBILITY,34020,두산에너빌리티(주),,,,,,,,,,,,f,35be1083-2551-4287-a2e7-0ca3846f6153,
E-COMMODITIES HOLDINGS,1733,易大宗控股有限公司,,,,,,,,,,,,f,1cef76dd-095e-4182-9def-09b69dffc6d6,
ELECTRIC POWER,9513,電源開発株式会社,,,,,,,,,,,,f,885041c8-b9d8-428e-973e-6bddee07b4a5,
ELECTRICITY GENERATING,EGCO,บริษัท ผลิตไฟฟ้า จำกัด (มหาชน),,,,,,,,,,,,f,5cd2e1d2-b3c3-40dc-8c70-8cf61ca4b30a,
ELION ENERGY,600277,亿利洁能股份有限公司,,,,,,,,,,,,f,1b3e5191-622e-46ef-a56a-f25527b27fbd,
EMERA,EMA,Emera Inc,,,,,,,,,,,,f,42539d22-20e8-4e07-8cb0-cb8c43b6d1f6,
EMPRESAS COPEC,COPEC,Empresas COPEC SA,,,,,,,,,,,,f,9c4eeda3-8e36-4c8a-80ae-034badb3de38,
EVRAZ,EVR,EVRAZ PLC,,,,,,,,,,,,f,89558e1b-2b22-4f98-ab63-d2bbd4738250,
EXXARO RESOURCES,EXX,Exxaro Resources Ltd,,,,,,,,,,,,f,f95d63fc-1634-4d26-8a91-245e89cfcd59,
FIRSTENERGY,FE,FirstEnergy Corp,,,,,,,,,,,,f,4b52c0bd-0678-4ed3-8a66-76eb8ff9f0b8,
FUJIAN FUNENG CORPORATION,600483,福建弗能有限公司,,,,,,,,,,,,f,9a0dfb15-c5ee-4a76-8e99-d03b2682e912,
GANSU ENERGY CHEMICAL,552,甘肃能化股份有限公司,,,,,,,,,,,,f,9125f111-9431-44e6-a55b-7bbf17700111,
GEO ENERGY RESOURCES,RE4,Geo Energy Resources Ltd,,,,,,,,,,,,f,7b173e18-62c0-4a16-8dc2-48d0dde40131,
GLOBALTRANS INVESTMENT,,Globaltrans Investment PLC,,,,,,,,,,,,f,348f99bd-075e-47e0-af2b-230756102f45,
GMR POWER AND URBAN INFRA,543490,GMR Power and Urban Infra Ltd,,,,,,,,,,,,f,4c18f662-fc35-4e20-89d5-cc1696bb18f6,
GPSC,GPSC,บริษัท โกลบอล เพาเวอร์ ซินเนอร์ยี่ จำกัด (มหาชน),,,,,,,,,,,,f,d1f455a1-2a50-49b8-8a54-e9a34cfdbafc,
GRAND OCEAN ADV RES CORPORATION,65,弘海高新资源有限公司,,,,,,,,,,,,f,41f4517b-ebe8-4876-84a1-2a4e36283260,
GRENEVIA,GEA,GRENEVIA SPÓŁKA AKCYJNA,,,,,,,,,,,,f,b1bdff15-99db-4929-8f89-6b3cc5834687,
GRINDROD,GND,Grindrod Ltd,,,,,,,,,,,,f,939c1f16-0c53-47d1-bcae-a42f7cbf2f93,
GUANGDONG HONGDA HOLDINGS,2683,广东宏大控股集团股份有限公司,,,,,,,,,,,,f,be6a296d-9a4a-4df6-84f0-aa88542516e3,
GUANGXI GUIGUAN ELECTRIC,600236,广西桂冠电力股份有限公司,,,,,,,,,,,,f,a2169920-b762-44b6-b3cf-561968d5c4ff,
GUIZHOU PANJIANG REFINED,600395,贵州盘江精煤股份有限公司,,,,,,,,,,,,f,51fdaace-4579-4cf1-8ac8-761167e26f2a,
GUJARAT INDUSTRIES POWER,517300,Gujarat Industries Power Co Ltd,,,,,,,,,,,,f,5a945a18-23f2-4cef-8928-71335c8d38e7,
GUJARAT MINERAL DEV CORPORATION,532181,Gujarat Mineral Development Corp Ltd,,,,,,,,,,,,f,4d55c138-d457-42ad-9b99-c595f83d2554,
GVK POWER & INFRA,532708,GVK Power & Infrastructure Ltd,,,,,,,,,,,,f,8c61b96f-fceb-4f38-a05b-99e456a6c40d,
HALLADOR ENERGY,HNRG,Hallador Energy Co,,,,,,,,,,,,f,e2121f08-7cbf-4d7d-91c1-857079fdc254,
HANGZHOU COGENERATION,605011,杭州热电集团股份有限公司,,,,,,,,,,,,f,05830e40-69dc-4945-8a39-48b5a4b239b3,
HARBIN ELECTRIC CORPORATION,1133,哈尔滨电气股份有限公司,,,,,,,,,,,,f,87eebdb1-12c1-408e-80a4-24debe3f2c5b,
HARBIN HATOU INV CORPORATION,600864,哈尔滨哈投投资股份有限公司,,,,,,,,,,,,f,5238cde7-ced4-4ea2-927b-695f41f9ac14,
HARUM ENERGY,HRUM,PT Harum Energy Tbk,,,,,,,,,,,,f,37347394-5c99-44a0-8852-ea4961f99f17,
HENAN JINMA ENERGY CORPORATION,6885,河南金马能源股份有限公司,,,,,,,,,,,,f,1ea6257c-6e85-46d1-9622-3d725843f68d,
HENAN SHENHUO COAL,933,河南神火煤电股份有限公司,,,,,,,,,,,,f,d8f671c6-ad2a-47bb-a368-1b767888dfab,
HENAN YUNENG HODINGS,1896,河南豫能控股股份有限公司,,,,,,,,,,,,f,8deb1535-d4c4-4d8a-8bf1-718cbf82ed02,
HINDALCO INDUSTRIES,HINDALCO,Hindalco Industries Ltd,,,,,,,,,,,,f,e826cfef-1333-410b-9b1c-0fda21058469,
HOKKAIDO ELECTRIC POWER,9509,北海道電力株式会社,,,,,,,,,,,,f,1007ba18-1fe4-4614-a37b-3c89419e2cdf,
HOKURIKU ELECTRIC POWER,9505,北陸電力株式会社,,,,,,,,,,,,f,5f09e221-8387-4a57-bf12-c564b5fe151b,
HUAIBEI MINING HLDGS CORPORATION,600985,淮北矿业控股股份有限公司,,,,,,,,,,,,f,2349cad8-729b-48c8-86ab-31aecb60b38f,
HUAIHE ENERGY (GROUP),600575,淮河能源(集团)股份有限公司,,,,,,,,,,,,f,d43adffc-7e12-45eb-afd5-7709ddbb5f3e,
HUB POWER CORPORATION,HUBC,Hub Power Co Ltd,,,,,,,,,,,,f,58e0431a-6b51-4f6b-b342-2c0718b63379,
HUBEI ENERGY GROUP,883,湖北能源集团股份有限公司,,,,,,,,,,,,f,36ef4d1a-7533-4668-8676-5774266a6e7c,
HUBEI YIHUA CHEMICAL,422,湖北宜化化工股份有限公司,,,,,,,,,,,,f,3a543f8c-7c6a-49fd-9616-08ea4a9de9a5,
INDIKA ENERGY,INDY,PT Indika Energy Tbk,,,,,,,,,,,,f,4d07bbc3-75c6-4f47-89d6-10aeecf34df0,
INDO TAMBANGRAYA MEGAH,ITMG,PT Indo Tambangraya Megah Tbk,,,,,,,,,,,,f,e378d922-38ac-432f-850c-064e104fa6bf,
INNER MONGOLIA DIAN TOU,2128,内蒙古霍林河露天煤业股份有限公司,,,,,,,,,,,,f,699fd3fb-3cc4-4c55-a31d-f41baf1b08b7,
INNER MONGOLIA ERDOS,600295,内蒙古鄂尔多斯资源股份有限公司,,,,,,,,,,,,f,f3cb9748-1008-4b06-9b4b-3d62c28b86a2,
INNER MONGOLIA JUNZHENG,601216,内蒙古君正能源化工集团股份有限公司,,,,,,,,,,,,f,8e622a83-91e1-48ac-95f6-b03e0aef583e,
INNER MONGOLIA MENGDIAN,600863,内蒙古蒙电华能热电股份有限公司,,,,,,,,,,,,f,0dcc6cdd-6bf4-4dcf-a0af-751f76e1186f,
INNER MONGOLIA YITAI COAL,900948,内蒙古伊泰煤炭股份有限公司,,,,,,,,,,,,f,88775270-30fa-4c08-901b-0ecb6eab541d,
INTER RAO UES,IRAO,ПАО Интер РАО ЕЭС,,,,,,,,,,,,f,fcab3b42-4972-4f8b-bfcc-bc9b7a18c7a8,
ITALIAN-THAI DEVELOPMENT,ITD,บริษัท อิตาเลียนไทย ดีเวล๊อปเมนต์ จำกัด (มหาชน),,,,,,,,,,,,f,82c9514a-8823-4153-accd-df907691c0e0,
JAIPRAKASH POWER VENTURES,532627,Jaiprakash Power Ventures Ltd,,,,,,,,,,,,f,de291a8e-b28b-4145-849f-8454f74f6c7f,
JARDINE CYCLE & CARRIAGE,C07,Jardine Cycle & Carriage Ltd,,,,,,,,,,,,f,850fa3c5-68b7-4bff-a798-7f579e72d1e4,
JARDINE MATHESON HLDGS,J36,Jardine Matheson Holdings Ltd,,,,,,,,,,,,f,197d3f2b-e1f1-4858-b1df-274a64a57698,
JASTRZEBSKA SPOLKA,JSW,Jastrzebska Spolka Weglowa SA,,,,,,,,,,,,f,3bac78c3-1096-40a8-89f1-b35895a12930,
JIANGSU XUKUANG ENERGY,600925,江苏徐矿能源股份有限公司,,,,,,,,,,,,f,0d404931-c974-4cb6-9ba5-64b21aa8c80b,
JIANGXI GANNENG,899,江西赣能股份有限公司,,,,,,,,,,,,f,a90b90df-b48f-40bc-8344-2768d0fc3e4b,
JILIN ELECTRIC POWER CORPORATION,875,吉林电力股份有限公司,,,,,,,,,,,,f,528e46ae-37a3-4c63-87b1-1bd70b43c66f,
JINDAL STEEL & POWER,532286,Jindal Steel & Power Ltd,,,,,,,,,,,,f,e9cdb50e-8828-45ba-acef-45970e087c45,
JINNENG HOLDING SHANXI,601001,晋能控股山西煤业股份有限公司,,,,,,,,,,,,f,2ff4ade4-177c-421c-8d4e-1c8a5579bce6,
JINNENG HOLDING SHANXI,767,晋能控股山西电力股份有限公司,,,,,,,,,,,,f,c4bcc0b3-d387-4cc9-ae8c-76b22550af4f,
JIZHONG ENERGY RES CORPORATION,937,冀中能源股份有限公司,,,,,,,,,,,,f,cf820037-e00f-42bf-bce7-41ea55cdface,
JSW ENERGY,JSWENERGY,JSW Energy Ltd,,,,,,,,,,,,f,694ded31-9e67-4c7e-b5b1-46e116c227c0,
JSW STEEL,500228,JSW Steel Ltd,,,,,,,,,,,,f,ec24a9f1-a498-4960-bebd-cbd755ae5ce4,
KAILUAN ENERGY CHEMICAL,600997,开滦能源化工股份有限公司,,,,,,,,,,,,f,f90092b4-18c0-4a4e-b3b1-9e02b38a9c7c,
KANSAI ELECTRIC POWER,9503,関西電力株式会社,,,,,,,,,,,,f,24457411-02e1-49df-abbb-18499750efb0,
KINETIC DEV GR,1277,力量发展集团有限公司,,,,,,,,,,,,f,45d7bed9-3444-4421-b068-ec8df3922686,
KYUNGDONG INVEST CORPORATION,12320,(주)경동인베스트,,,,,,,,,,,,f,ec700398-f8e6-4a89-8ac1-ea3e1db2d556,
LANHUA SCI-TECH VENTURE,600123,山西兰花科技创业股份有限公司,,,,,,,,,,,,f,f1460d32-8f3f-4996-a595-dc3f0fda5297,
LANNA RESOURCES,LANNA,บริษัท ลานนารีซอร์สเซส จำกัด (มหาชน),,,,,,,,,,,,f,3790e2cb-d202-4371-8d67-66b154efcdef,
LUENMEI QUANTUM CORPORATION,600167,联美量子股份有限公司,,,,,,,,,,,,f,743c3fee-cf43-440b-89ee-1a39efeb870a,
LW BOGDANKA,LWB,LW Bogdanka S.A.,,,,,,,,,,,,f,a5613c2c-316e-4ba0-b08b-48b1ed753444,
LX INTL,1120,(주)LG상사,,,,,,,,,,,,f,ef864f88-26c1-4354-b34a-94ca8755234e,
MAGNITOGORSK IRON & STEEL,MAGN,Публичное акционерное общество Магнитогорский металлургический комбинат,,,,,,,,,,,,f,323a8c27-50e8-4846-bbaa-6633c661ea3e,
MECHEL PAO,MTLR,Мечел ПАО,,,,,,,,,,,,f,cc68b5bb-c62a-4400-a817-625ba11ab6ed,
MITRABAHTERA SEGARA,MBSS,PT Mitrabahtera Segara Sejati Tbk,,,,,,,,,,,,f,ff077803-3a8c-4087-b69d-58b06d597b1e,
MITRABARA ADIPERDANA,MBAP,PT Mitrabara Adiperdana Tbk,,,,,,,,,,,,f,4ab64cf0-d429-4b8e-a0c6-2c6b9fa5bfa6,
MITSUI MATSUSHIMA HLDGS,1518,三井松島ホールディングス株式会社,,,,,,,,,,,,f,fdb32e9e-5a43-426e-a1e8-7859289c6394,
MONGOLIAN MINING,975,Mongolian Mining Corp,,,,,,,,,,,,f,cec5d59d-6372-4949-a12e-5c01f4871c16,
MORELLA CORPORATION,1MC,Morella Corp Ltd,,,,,,,,,,,,f,3a74cea8-b8c5-4015-8ab6-fc9d083f0f28,
NACCO INDUSTRIES,NC,NACCO Industries Inc,,,,,,,,,,,,f,68c6f718-a26c-4155-8da3-3755c8ffcea2,
NALCO,532234,National Aluminium Co Ltd,,,,,,,,,,,,f,c61fa32e-2124-441d-8dd9-50409299c486,
NATURAL RESOURCES,NRP,Natural Resources Partners LP,,,,,,,,,,,,f,c9482bbf-a37a-40f7-a4e3-14b329b3747b,
NAVA,513023,Nava Ltd,,,,,,,,,,,,f,d7fea786-bfb3-4547-990d-59263392e3e3,
NEW HOPE CORPORATION,NHC,New Hope Corp Ltd,,,,,,,,,,,,f,f660452f-4e67-4b3b-b5da-096694114572,
NINGXIA BAOFENG ENERGY GR,600989,宁夏宝丰能源集团股份有限公司,,,,,,,,,,,,f,9acd77eb-1b63-44e5-92e7-bcfa62d01789,
NIPPON COKE & ENGINEERING,3315,日本コークス工業株式会社,,,,,,,,,,,,f,dcae2963-a558-4fef-966b-2f669394d3bd,
NIPPON STEEL,5401,日本製鉄株式会社,,,,,,,,,,,,f,fcd1923b-b416-415d-a4e1-8ea7ceaa8064,
NLC INDIA,513683,NLC India Ltd,,,,,,,,,,,,f,5e18812f-fb88-4084-8839-59b71000db81,
NMDC,526371,NMDC Ltd,,,,,,,,,,,,f,d522cf59-a431-4386-b577-8a6c10f1afd0,
NORTHWESTERN ENERGY GROUP,NWE,NorthWestern Energy Group Inc,,,,,,,,,,,,f,9700d711-e147-4e03-933e-e77b9649c618,
NTPC,532555,NTPC Ltd,,,,,,,,,,,,f,570d17db-2e52-4f63-9416-e6d055f57a5f,
ODAS ELEKTRIK URETIM,ODAS,ODAS Elektrik Uretim Sanayi Ticaret A.S.,,,,,,,,,,,,f,610ac7a8-40ed-4974-ab15-2a428a5fcb92,
ORICA,ORI,Orica Ltd,,,,,,,,,,,,f,6290c6c3-e54b-429f-a21f-18f12068e768,
OTTER TAIL,OTTR,Otter Tail Corp,,,,,,,,,,,,f,333592f6-6214-43ca-a7cd-babf53541dc5,
PARK ELEKTRIK URETIM,PRKME,PARK ELEKTRİK ÜRETİM MADENCİLİK SANAYİ VE TİCARET A.Ş.,,,,,,,,,,,,f,05097bdf-0d97-42cb-a8ec-c92c9b4ee334,
PEABODY ENERGY,BTU,Peabody Energy Corp,,,,,,,,,,,,f,c4b64fce-9117-4bcf-8640-44b66116d103,
PERENNIAL ENERGY HLDGS,2798,久泰邦达能源控股有限公司,,,,,,,,,,,,f,1a75dbed-5226-41ea-9812-2032abd36376,
PETRINDO JAYA KREASI,CUAN,PT Petrindo Jaya Kreasi Tbk,,,,,,,,,,,,f,2e24afd3-6b02-40f3-b66c-12dcef0a5c2c,
PINGDINGSHAN TIANAN COAL,601666,平顶山天安煤业股份有限公司,,,,,,,,,,,,f,6088a011-61db-4b6c-aed6-189ad05a85d0,
PINNACLE WEST CAPITAL,PNW,Pinnacle West Capital Corp,,,,,,,,,,,,f,c294bbcf-eeae-4a50-9af1-72cb748d41f6,
PKP CARGO,PKP,PKP Cargo SA,,,,,,,,,,,,f,553369e1-3ce7-4a68-b7fe-23548b111654,
PNM RESOURCES,PNM,PNM Resources Inc,,,,,,,,,,,,f,6faf0246-3ed4-44a6-9830-fbb6df0c7aee,
POSCO HOLDINGS,5490,(주)포스코,,,,,,,,,,,,f,85801d28-5cf4-4556-ae06-7caa6ffc44c3,
POWER CONSTRUCTION,601669,中国电力建设股份有限公司,,,,,,,,,,,,f,276b50cd-3eff-4303-b135-e0ff32249ddc,
POWER FINANCE CORPORATION,532810,Power Finance Corp Ltd,,,,,,,,,,,,f,9a758519-3b6f-4d62-9fdc-62a11750fbbe,
PRAKASH INDUSTRIES,506022,Prakash Industries Ltd,,,,,,,,,,,,f,3f335c19-b378-463a-ac51-173fac3c3adc,
PRIMA ANDALAN MANDIRI,MCOL,PT Prima Andalan Mandiri Tbk,,,,,,,,,,,,f,281d6149-260a-46b4-acb2-5ec2793ec528,
PT IMC PELITA LOGISTIK,PSSI,PT IMC Pelita Logistik Tbk,,,,,,,,,,,,f,b08ebbde-e7a2-4332-ae85-000c80bfe3ae,
QINGHAI SPRING MEDICINAL,600381,青海春天药用资源科技股份有限公司,,,,,,,,,,,,f,ae30047c-5b11-4f78-9be9-832a0a09f030,
QINHUANGDAO PORT CORPORATION,3369,秦皇岛港股份有限公司,,,,,,,,,,,,f,0e173dce-6da8-481f-8c1e-396a62ebbbf4,
RAMACO RESOURCES,METC,Ramaco Resources Inc,,,,,,,,,,,,f,db4dde5f-d841-4261-b2c8-9fb7958fb072,
REFEX INDUSTRIES,532884,Refex Industries Ltd,,,,,,,,,,,,f,f7c6df30-1118-4fdc-95c9-4a12b3b257f8,
RELIANCE INFRASTRUCTURE,500390,Reliance Infrastructure Ltd,,,,,,,,,,,,f,c9c804bf-2312-42ed-979d-0073a7cc0e89,
RESOURCE ALAM INDONESIA,KKGI,PT Resource Alam Indonesia Tbk,,,,,,,,,,,,f,12217288-bb7e-43ef-adbe-fc1b8e763d1e,
RMK ENERGY,RMKE,PT RMK Energy Tbk,,,,,,,,,,,,f,392181f8-64a8-4fef-8d6c-a9fd17868634,
SAIL,500113,Steel Authority Of India Ltd,,,,,,,,,,,,f,54a23b02-2990-40bd-942e-ad6c690826d7,
SAMINDO RESOURCES,MYOH,PT Samindo Resources Tbk,,,,,,,,,,,,f,3b3506fa-c9e8-4953-86fd-a167beef872f,
SARDA ENERGY & MINERALS,504614,Sarda Energy & Minerals Ltd,,,,,,,,,,,,f,9ef1cda2-42ae-4e42-b416-c74205c8f37f,
SEMIRARA MINING AND POWER,SCC,Semirara Mining and Power Corp,,,,,,,,,,,,f,d077e5ad-b9d5-4083-8f75-6c70014ce189,
SEVERSTAL,CHMF,ПАО Северсталь,,,,,,,,,,,,f,77ada01a-f784-4af5-9c2e-f21115965596,
SHAANXI COAL INDUSTRY,601225,陕西煤业股份有限公司,,,,,,,,,,,,f,fcd60818-0e9e-4126-bf83-1b229536cb1f,
SHAANXI ENERGY INVESTMENT,1286,陕西能源投资股份有限公司,,,,,,,,,,,,f,93834e81-0c1b-4983-bf1c-8d8eaf4d4ff0,
SHAN XI HUA YANG GROUP,600348,山西华阳集团新能股份有限公司,,,,,,,,,,,,f,b532c777-d3de-4e76-9c50-a6a7c457a4e1,
SHANGHAI DATUN ENERGY,600508,上海大屯能源股份有限公司,,,,,,,,,,,,f,e6e4bca8-f15d-43e6-9c74-84775d457c39,
SHANXI COAL INTERNATIONAL,600546,山煤国际能源集团股份有限公司,,,,,,,,,,,,f,723e7985-cce3-43a4-8c4d-3744601ec4e1,
SHANXI COKING CORPORATION,600740,山西焦化股份有限公司,,,,,,,,,,,,f,d4f5eff2-c474-41e5-bed0-37cd8067c573,
SHANXI COKING COAL ENERGY,983,山西焦煤能源集团股份有限公司,,,,,,,,,,,,f,f73f3444-0f0d-430c-b6ac-d69ccf69659c,
SHANXI LU'AN,601699,山西潞安环保能源开发股份有限公司,,,,,,,,,,,,f,c3104ac6-aceb-46bb-ab10-24e3eeb7d3a7,
SHANXI MEIJIN ENERGY CORPORATION,723,山西美锦能源股份有限公司,,,,,,,,,,,,f,65ae0669-0585-4db4-8e8b-7908f2967f32,
SHIKOKU ELECTRIC POWER,9507,四国電力株式会社,,,,,,,,,,,,f,4f6adcc3-b463-4732-9dce-e879bab84167,
SHOUGANG FUSHAN RES GR,639,首鋼福山資源集團有限公司,,,,,,,,,,,,f,f07f5d64-9055-4f2c-bb98-5cddcaec72e7,
SHREE CEMENT,500387,Shree Cement Ltd,,,,,,,,,,,,f,a9193bb8-2e1d-4091-bc31-9047694ee4b3,
SOUTH32,S32,South32 Ltd,,,,,,,,,,,,f,6094107a-6b74-4f96-b050-b78d788b5332,
SPIC YUANDA ENVIRONMENTAL,600292,国家电投集团远达环保股份有限公司,,,,,,,,,,,,f,11b23ea4-bc59-44e0-ad6f-480be96b718d,
STANMORE RESOURCES,SMR,Stanmore Resources Ltd,,,,,,,,,,,,f,01edbc50-5fab-482b-9600-8effbcd8a748,
SUMISEKI HOLDINGS,1514,住石ホールディングス株式会社,,,,,,,,,,,,f,56a67b52-ef2a-4110-8c49-833e61c1774d,
SUNCOKE ENERGY,SXC,SunCoke Energy Inc,,,,,,,,,,,,f,1e89a888-9414-4235-83cd-c8b5e391b687,
SUNFLAG IRON & STEEL CORPORATION,500404,Sunflag Iron & Steel Co Ltd,,,,,,,,,,,,f,cbbd16c0-f2be-4c61-bc76-742a2f8be7cf,
TAIHEIYO KOUHATSU,8835,太平洋興発株式会社,,,,,,,,,,,,f,d338abd7-3ae1-43a8-a584-b1dfc7043143,
TATA POWER CORPORATION,500400,Tata Power Co Ltd,,,,,,,,,,,,f,25c4e267-4a63-4137-9c0b-03789e76556a,
TATA STEEL,TATASTEEL,Tata Steel Ltd,,,,,,,,,,,,f,f3356972-e2d7-48a1-a7fd-16debcda6212,
TATA STEEL THAILAND,TSTH,บริษัท ทาทา สตีล (ประเทศไทย) จำกัด (มหาชน),,,,,,,,,,,,f,b0f685d6-533c-453c-a32a-ff477370a71d,
TAURON POLSKA ENERGIA,TPE,TAURON Polska Energia S.A,,,,,,,,,,,,f,0ea8b71d-35c5-4edd-b7f2-44b8ad66f6fe,
TBEA CORPORATION,600089,特变电工股份有限公司,,,,,,,,,,,,f,94dedf80-106a-4e1c-a0fb-5cda6b0889a4,
TBS ENERGI UTAMA,TOBA,PT TBS Energi Utama Tbk,,,,,,,,,,,,f,4cbe7d37-a748-4741-a57e-3c31c1ac34d3,
TERRACOM,TER,TerraCom Ltd,,,,,,,,,,,,f,eca1646f-ff08-4645-83fd-50d2ec04ed1f,
THUNGELA RESOURCES,TGA,Thungela Resources Ltd,,,,,,,,,,,,f,cec604e4-7dec-448c-ad96-1ec68a74dd3d,
TIAND DI SCIENCE & TECH,600582,天地科技股份有限公司,,,,,,,,,,,,f,d5bd5f9f-80fc-4f8e-a3c3-25e02d6fb4a9,
TOHOKU ELECTRIC POWER,9506,東北電力株式会社,,,,,,,,,,,,f,c2979287-a45b-4073-a16f-06a2e1a6dc05,
TRADA ALAM MINERA,TRAM,PT Trada Alam Minera Tbk,,,,,,,,,,,,f,97404103-a050-42d4-a484-080d4151bb13,
TRANS POWER MARINE,TPMA,PT Trans Power Marine Tbk,,,,,,,,,,,,f,3f21d286-8334-4858-881f-a5558a60ef52,
TRANSCOAL PACIFIC,TCPI,PT Transcoal Pacific Tbk,,,,,,,,,,,,f,a49fb6fd-01b6-482a-854d-c11493431b68,
ULTRATECH CEMENT,ULTRACEMCO,UltraTech Cement Ltd,,,,,,,,,,,,f,b5603f63-9417-4653-8ed4-f011e35cd51a,
UNITED RUSAL INTL,RUAL,публичное акционерное общество ''Объединенная Компания ''РУСАЛ'''',,,,,,,,,,,,f,e3b4eb50-6e99-434d-abba-0aec6f0e8053,
UNITED TRACTORS,UNTR,PT United Tractors Tbk,,,,,,,,,,,,f,0cc68e77-dc46-44b6-b0bc-ecc29fc59f93,
VEDANTA,500295,Vedanta Ltd,,,,,,,,,,,,f,04fa749a-4b91-4a18-b3a6-82f82c352918,
VISTRA,VST,Vistra Corp,,,,,,,,,,,,f,d0640759-7450-457b-a717-31d97e082185,
WARRIOR MET COAL,HCC,Warrior Met Coal Inc,,,,,,,,,,,,f,eb1302dd-8619-4a26-9772-2f0e8db93817,
WASHINGTON H SOUL,SOL,Washington H Soul Pattinson & Co Ltd,,,,,,,,,,,,f,e1742fce-c27f-4e14-9f28-074a19cc7013,
WESTSHORE TERMINALS,WTE,Westshore Terminals Investment Corp,,,,,,,,,,,,f,b4239ce8-f10a-42e0-ac61-52d6b45873c1,
WHITEHAVEN COAL,WHC,Whitehaven Coal Ltd,,,,,,,,,,,,f,794607d2-2411-4cab-a690-84f9fcff62aa,
WINTIME ENERGY GROUP,600157,永泰能源集团股份有限公司,,,,,,,,,,,,f,10de55e5-379c-4e40-bfe6-3dbf14127a95,
WISON ENG SERVS CORPORATION,2236,惠生工程技术服务有限公司,,,,,,,,,,,,f,47a89bd4-0f8f-4bd0-99cf-4e7704cdfa9f,
XINJIANG ZHONGTAI,2092,新疆中泰化学股份有限公司,,,,,,,,,,,,f,06762282-f103-469b-9cdb-07af5f2ebf8c,
YANCOAL AUSTRALIA,YAL,Yancoal Australia Ltd,,,,,,,,,,,,f,ef123ea3-f1cf-4d53-886d-7faec2e61318,
YANKUANG ENERGY GR,600188,兖矿能源集团股份有限公司,,,,,,,,,,,,f,c9163a82-b9b8-464e-97f0-a4ee312ee6e0,
YUNNAN COAL & ENERGY,600792,云南煤业能源股份有限公司,,,,,,,,,,,,f,01dd9855-0c19-457e-8dd1-091e0300349a,
ZHEJIANG ZHENENG ELECTRIC,600023,浙江浙能电力股份有限公司,,,,,,,,,,,,f,6d4b9ee1-0c5a-4088-a7d9-0511ca13748b,
ZJMI ENVIRONMENTAL ENERGY,603071,浙江物产环保能源股份有限公司,,,,,,,,,,,,f,022aa928-2b88-4cd1-b913-124df8001467,
VALERO REFINING NEW ORLEANS,,,14902 RIVER RD,NEW SARPY,LA,70078,985,615341443,291101,,32411006.0,PETROLEUM REFINERIES,436098396.0,f,d47699b6-0a9c-4612-bd25-9e95c3d8eac4,
BERRY BROTHERS FIREWOOD,,,5317 E WASHINGTON ST,PHOENIX,AZ,85034,602,168111193,598903,BARBECUE EQUIPMENT & SUPPLIES (WHLS),45431013.0,FUEL DEALERS,,f,393ff1d6-0421-4d8d-863d-a53f51c5713b,
SAM'S CLUB FUEL CTR,,,4365 ATLANTA HWY,BOGART,GA,30622,706,769329417,554101,FLORISTS-RETAIL,44719005.0,OTHER GASOLINE STATIONS,5889993.0,f,97fc6023-a577-478e-b1c6-abcdae4bd98d,
